datetime,count
2011-01-16 00:00:00,130.898
2011-01-16 01:00:00,128.065
2011-01-16 02:00:00,131.53
2011-01-16 03:00:00,106.045
2011-01-16 04:00:00,126.605
2011-01-16 05:00:00,126.416
2011-01-16 06:00:00,126.416
2011-01-16 07:00:00,127.562
2011-01-16 08:00:00,125.492
2011-01-16 09:00:00,130.804
2011-01-16 10:00:00,129.002
2011-01-16 11:00:00,139.06
2011-01-16 12:00:00,144.13
2011-01-16 13:00:00,162.92
2011-01-16 14:00:00,176.012
2011-01-16 15:00:00,155.523
2011-01-16 16:00:00,151.197
2011-01-16 17:00:00,148.14
2011-01-16 18:00:00,142.181
2011-01-16 19:00:00,126.595
2011-01-16 20:00:00,125.995
2011-01-16 21:00:00,119.522
2011-01-16 22:00:00,127.09
2011-01-16 23:00:00,145.671
2011-01-17 00:00:00,125.764
2011-01-17 01:00:00,129.928
2011-01-17 02:00:00,128.927
2011-01-17 03:00:00,127.772
2011-01-17 04:00:00,135.254
2011-01-17 05:00:00,132.368
2011-01-17 06:00:00,127.772
2011-01-17 07:00:00,118.766
2011-01-17 08:00:00,119.37
2011-01-17 09:00:00,119.37
2011-01-17 10:00:00,117.745
2011-01-17 11:00:00,110.73
2011-01-17 12:00:00,126.593
2011-01-17 13:00:00,126.593
2011-01-17 14:00:00,136.501
2011-01-17 15:00:00,127.939
2011-01-17 16:00:00,127.939
2011-01-17 17:00:00,123.538
2011-01-17 18:00:00,118.4
2011-01-17 19:00:00,110.068
2011-01-17 20:00:00,90.053
2011-01-17 21:00:00,90.053
2011-01-17 22:00:00,89.23
2011-01-17 23:00:00,90.829
2011-01-18 12:00:00,97.895
2011-01-18 13:00:00,89.964
2011-01-18 14:00:00,95.125
2011-01-18 15:00:00,93.127
2011-01-18 16:00:00,93.102
2011-01-18 17:00:00,94.366
2011-01-18 18:00:00,95.125
2011-01-18 19:00:00,94.568
2011-01-18 20:00:00,94.398
2011-01-18 21:00:00,90.654
2011-01-18 22:00:00,91.984
2011-01-18 23:00:00,92.813
2011-01-19 00:00:00,92.813
2011-01-19 01:00:00,87.522
2011-01-19 02:00:00,87.522
2011-01-19 04:00:00,87.522
2011-01-19 05:00:00,91.984
2011-01-19 06:00:00,91.984
2011-01-19 07:00:00,91.615
2011-01-19 08:00:00,90.914
2011-01-19 09:00:00,90.914
2011-01-19 10:00:00,92.242
2011-01-19 11:00:00,93.328
2011-01-19 12:00:00,106.33
2011-01-19 13:00:00,170.763
2011-01-19 14:00:00,171.723
2011-01-19 15:00:00,184.951
2011-01-19 16:00:00,174.408
2011-01-19 17:00:00,165.582
2011-01-19 18:00:00,149.762
2011-01-19 19:00:00,153.528
2011-01-19 20:00:00,154.915
2011-01-19 21:00:00,158.408
2011-01-19 22:00:00,149.738
2011-01-19 23:00:00,152.778
2011-02-16 00:00:00,148.975
2011-02-16 01:00:00,141.085
2011-02-16 03:00:00,126.941
2011-02-16 04:00:00,123.713
2011-02-16 05:00:00,126.525
2011-02-16 06:00:00,121.874
2011-02-16 07:00:00,121.964
2011-02-16 08:00:00,120.626
2011-02-16 09:00:00,129.273
2011-02-16 10:00:00,146.922
2011-02-16 11:00:00,196.37
2011-02-16 12:00:00,230.43
2011-02-16 13:00:00,263.348
2011-02-16 14:00:00,280.533
2011-02-16 15:00:00,280.533
2011-02-16 16:00:00,281.113
2011-02-16 17:00:00,293.481
2011-02-16 18:00:00,218.515
2011-02-16 19:00:00,162.175
2011-02-16 20:00:00,198.104
2011-02-16 21:00:00,178.816
2011-02-16 22:00:00,164.284
2011-02-16 23:00:00,206.845
2011-02-17 00:00:00,164.284
2011-02-17 01:00:00,162.175
2011-02-17 02:00:00,162.175
2011-02-17 03:00:00,164.284
2011-02-17 04:00:00,145.685
2011-02-17 05:00:00,126.568
2011-02-17 06:00:00,115.741
2011-02-17 07:00:00,141.391
2011-02-17 08:00:00,140.989
2011-02-17 09:00:00,157.619
2011-02-17 10:00:00,177.155
2011-02-17 11:00:00,232.438
2011-02-17 12:00:00,269.121
2011-02-17 13:00:00,319.427
2011-02-17 14:00:00,353.522
2011-02-17 15:00:00,347.423
2011-02-17 16:00:00,326.681
2011-02-17 17:00:00,336.081
2011-02-17 18:00:00,304.972
2011-02-17 19:00:00,204.419
2011-02-17 20:00:00,200.05
2011-02-17 21:00:00,223.478
2011-02-17 22:00:00,202.693
2011-02-17 23:00:00,183.173
2011-02-18 00:00:00,168.242
2011-02-18 01:00:00,165.094
2011-02-18 02:00:00,168.242
2011-02-18 03:00:00,180.042
2011-02-18 04:00:00,180.042
2011-02-18 05:00:00,170.29
2011-02-18 06:00:00,157.007
2011-02-18 07:00:00,145.607
2011-02-18 08:00:00,145.579
2011-02-18 09:00:00,145.579
2011-02-18 10:00:00,166.822
2011-02-18 11:00:00,158.011
2011-02-18 12:00:00,208.638
2011-02-18 13:00:00,324.317
2011-02-18 14:00:00,353.213
2011-02-18 15:00:00,352.195
2011-02-18 16:00:00,356.463
2011-02-18 17:00:00,352.765
2011-02-18 18:00:00,352.577
2011-02-18 19:00:00,325.716
2011-02-18 20:00:00,352.975
2011-02-18 21:00:00,311.852
2011-02-18 22:00:00,306.377
2011-02-18 23:00:00,302.422
2011-02-19 00:00:00,282.313
2011-02-19 01:00:00,282.428
2011-02-19 02:00:00,279.587
2011-02-19 03:00:00,274.393
2011-02-19 04:00:00,270.912
2011-02-19 05:00:00,270.912
2011-02-19 06:00:00,266.833
2011-02-19 07:00:00,255.068
2011-02-19 08:00:00,250.252
2011-02-19 09:00:00,255.535
2011-02-19 10:00:00,261.742
2011-02-19 11:00:00,267.973
2011-02-19 12:00:00,270.194
2011-02-19 13:00:00,266.25
2011-02-19 14:00:00,268.645
2011-02-19 15:00:00,258.746
2011-02-19 16:00:00,264.809
2011-02-19 17:00:00,259.806
2011-02-19 18:00:00,225.61
2011-02-19 19:00:00,206.49
2011-02-19 20:00:00,208.929
2011-02-19 21:00:00,209.309
2011-02-19 22:00:00,196.155
2011-02-19 23:00:00,182.092
2011-03-16 00:00:00,97.476
2011-03-16 01:00:00,97.385
2011-03-16 03:00:00,92.818
2011-03-16 04:00:00,95.406
2011-03-16 05:00:00,92.108
2011-03-16 06:00:00,92.108
2011-03-16 07:00:00,96.638
2011-03-16 08:00:00,95.896
2011-03-16 09:00:00,94.293
2011-03-16 10:00:00,122.186
2011-03-16 11:00:00,117.79
2011-03-16 12:00:00,148.444
2011-03-16 13:00:00,139.91
2011-03-16 14:00:00,142.711
2011-03-16 15:00:00,144.804
2011-03-16 16:00:00,142.141
2011-03-16 17:00:00,193.82
2011-03-16 18:00:00,194.695
2011-03-16 19:00:00,206.417
2011-03-16 20:00:00,188.12
2011-03-16 21:00:00,174.652
2011-03-16 22:00:00,173.288
2011-03-16 23:00:00,162.715
2011-03-17 00:00:00,160.24
2011-03-17 01:00:00,138.682
2011-03-17 02:00:00,136.237
2011-03-17 03:00:00,138.464
2011-03-17 04:00:00,131.031
2011-03-17 05:00:00,114.434
2011-03-17 06:00:00,121.524
2011-03-17 07:00:00,116.296
2011-03-17 08:00:00,140.71
2011-03-17 09:00:00,167.096
2011-03-17 10:00:00,195.034
2011-03-17 11:00:00,194.599
2011-03-17 12:00:00,259.519
2011-03-17 13:00:00,272.532
2011-03-17 14:00:00,248.854
2011-03-17 15:00:00,292.431
2011-03-17 16:00:00,245.261
2011-03-17 17:00:00,275.362
2011-03-17 18:00:00,190.708
2011-03-17 19:00:00,182.329
2011-03-17 20:00:00,166.833
2011-03-17 21:00:00,173.595
2011-03-17 22:00:00,162.471
2011-03-17 23:00:00,174.47
2011-03-18 00:00:00,174.765
2011-03-18 01:00:00,167.096
2011-03-18 02:00:00,168.377
2011-03-18 03:00:00,136.372
2011-03-18 05:00:00,146.964
2011-03-18 06:00:00,157.593
2011-03-18 07:00:00,157.593
2011-03-18 08:00:00,170.011
2011-03-18 09:00:00,191.711
2011-03-18 10:00:00,233.633
2011-03-18 11:00:00,250.362
2011-03-18 12:00:00,276.666
2011-03-18 13:00:00,344.448
2011-03-18 14:00:00,349.728
2011-03-18 15:00:00,349.745
2011-03-18 16:00:00,353.804
2011-03-18 17:00:00,362.92
2011-03-18 18:00:00,351.946
2011-03-18 19:00:00,323.586
2011-03-18 20:00:00,305.218
2011-03-18 21:00:00,302.391
2011-03-18 22:00:00,288.248
2011-03-18 23:00:00,281.409
2011-03-19 00:00:00,288.991
2011-03-19 01:00:00,300.179
2011-03-19 02:00:00,307.517
2011-03-19 03:00:00,308.367
2011-03-19 04:00:00,303.951
2011-03-19 05:00:00,303.951
2011-03-19 06:00:00,231.629
2011-03-19 07:00:00,196.635
2011-03-19 08:00:00,212.643
2011-03-19 09:00:00,218.483
2011-03-19 10:00:00,257.739
2011-03-19 11:00:00,269.167
2011-03-19 12:00:00,276.336
2011-03-19 13:00:00,288.473
2011-03-19 14:00:00,285.148
2011-03-19 15:00:00,296.235
2011-03-19 16:00:00,302.695
2011-03-19 17:00:00,298.612
2011-03-19 18:00:00,288.968
2011-03-19 19:00:00,273.153
2011-03-19 20:00:00,249.292
2011-03-19 21:00:00,224.176
2011-03-19 22:00:00,230.375
2011-03-19 23:00:00,207.017
2011-04-16 00:00:00,119.759
2011-04-16 01:00:00,108.503
2011-04-16 02:00:00,105.352
2011-04-16 03:00:00,108.532
2011-04-16 04:00:00,110.091
2011-04-16 05:00:00,113.148
2011-04-16 06:00:00,134.427
2011-04-16 07:00:00,134.58
2011-04-16 08:00:00,122.628
2011-04-16 09:00:00,100.223
2011-04-16 10:00:00,110.996
2011-04-16 11:00:00,115.134
2011-04-16 12:00:00,132.923
2011-04-16 13:00:00,122.598
2011-04-16 14:00:00,149.876
2011-04-16 15:00:00,149.876
2011-04-16 16:00:00,133.799
2011-04-16 17:00:00,136.972
2011-04-16 18:00:00,116.527
2011-04-16 19:00:00,119.146
2011-04-16 20:00:00,106.898
2011-04-16 21:00:00,100.719
2011-04-16 22:00:00,95.22
2011-04-16 23:00:00,152.71
2011-04-17 00:00:00,152.71
2011-04-17 01:00:00,167.252
2011-04-17 02:00:00,168.572
2011-04-17 03:00:00,152.824
2011-04-17 04:00:00,125.183
2011-04-17 05:00:00,135.472
2011-04-17 06:00:00,155.111
2011-04-17 07:00:00,172.089
2011-04-17 08:00:00,196.876
2011-04-17 09:00:00,212.241
2011-04-17 10:00:00,219.034
2011-04-17 11:00:00,257.888
2011-04-17 12:00:00,270.806
2011-04-17 13:00:00,299.524
2011-04-17 14:00:00,306.818
2011-04-17 15:00:00,296.796
2011-04-17 16:00:00,321.604
2011-04-17 17:00:00,316.487
2011-04-17 18:00:00,324.033
2011-04-17 19:00:00,330.061
2011-04-17 20:00:00,303.046
2011-04-17 21:00:00,275.312
2011-04-17 22:00:00,276.899
2011-04-17 23:00:00,166.702
2011-04-18 00:00:00,223.054
2011-04-18 01:00:00,225.938
2011-04-18 02:00:00,157.827
2011-04-18 03:00:00,166.989
2011-04-18 04:00:00,110.66
2011-04-18 05:00:00,136.798
2011-04-18 06:00:00,116.544
2011-04-18 07:00:00,171.661
2011-04-18 08:00:00,171.661
2011-04-18 09:00:00,214.857
2011-04-18 10:00:00,226.339
2011-04-18 11:00:00,234.897
2011-04-18 12:00:00,256.938
2011-04-18 13:00:00,263.409
2011-04-18 14:00:00,275.367
2011-04-18 15:00:00,324.065
2011-04-18 16:00:00,320.283
2011-04-18 17:00:00,281.625
2011-04-18 18:00:00,354.278
2011-04-18 19:00:00,294.305
2011-04-18 20:00:00,348.106
2011-04-18 21:00:00,322.553
2011-04-18 22:00:00,222.878
2011-04-18 23:00:00,207.073
2011-04-19 00:00:00,218.796
2011-04-19 01:00:00,191.205
2011-04-19 02:00:00,184.007
2011-04-19 03:00:00,199.324
2011-04-19 04:00:00,169.731
2011-04-19 05:00:00,164.712
2011-04-19 06:00:00,165.606
2011-04-19 07:00:00,217.576
2011-04-19 08:00:00,181.049
2011-04-19 09:00:00,200.06
2011-04-19 10:00:00,173.699
2011-04-19 11:00:00,189.819
2011-04-19 12:00:00,204.306
2011-04-19 13:00:00,196.42
2011-04-19 14:00:00,205.874
2011-04-19 15:00:00,202.78
2011-04-19 16:00:00,257.883
2011-04-19 17:00:00,219.628
2011-04-19 18:00:00,202.376
2011-04-19 19:00:00,172.618
2011-04-19 20:00:00,173.699
2011-04-19 21:00:00,171.407
2011-04-19 22:00:00,145.297
2011-04-19 23:00:00,114.554
2011-05-16 00:00:00,107.338
2011-05-16 01:00:00,109.431
2011-05-16 02:00:00,99.749
2011-05-16 03:00:00,107.386
2011-05-16 04:00:00,100.915
2011-05-16 05:00:00,110.742
2011-05-16 06:00:00,125.727
2011-05-16 07:00:00,145.371
2011-05-16 08:00:00,193.293
2011-05-16 09:00:00,213.619
2011-05-16 10:00:00,217.88
2011-05-16 11:00:00,241.156
2011-05-16 12:00:00,261.338
2011-05-16 13:00:00,273.556
2011-05-16 14:00:00,273.556
2011-05-16 15:00:00,278.947
2011-05-16 16:00:00,173.35
2011-05-16 17:00:00,135.722
2011-05-16 18:00:00,144.486
2011-05-16 19:00:00,149.902
2011-05-16 20:00:00,121.115
2011-05-16 21:00:00,121.115
2011-05-16 22:00:00,119.46
2011-05-16 23:00:00,119.46
2011-05-17 00:00:00,115.974
2011-05-17 01:00:00,116.071
2011-05-17 02:00:00,116.071
2011-05-17 03:00:00,116.735
2011-05-17 04:00:00,116.735
2011-05-17 05:00:00,114.624
2011-05-17 06:00:00,114.624
2011-05-17 07:00:00,114.695
2011-05-17 08:00:00,114.862
2011-05-17 09:00:00,133.457
2011-05-17 10:00:00,133.087
2011-05-17 11:00:00,156.632
2011-05-17 12:00:00,156.793
2011-05-17 13:00:00,135.611
2011-05-17 14:00:00,207.393
2011-05-17 15:00:00,226.76
2011-05-17 16:00:00,255.462
2011-05-17 17:00:00,240.43
2011-05-17 18:00:00,224.723
2011-05-17 19:00:00,221.788
2011-05-17 20:00:00,157.404
2011-05-17 21:00:00,133.856
2011-05-17 22:00:00,133.329
2011-05-17 23:00:00,133.457
2011-05-18 00:00:00,133.428
2011-05-18 01:00:00,133.457
2011-05-18 02:00:00,116.009
2011-05-18 03:00:00,114.498
2011-05-18 04:00:00,114.498
2011-05-18 05:00:00,106.436
2011-05-18 06:00:00,103.423
2011-05-18 07:00:00,130.278
2011-05-18 08:00:00,136.792
2011-05-18 09:00:00,150.904
2011-05-18 10:00:00,133.037
2011-05-18 11:00:00,107.994
2011-05-18 12:00:00,122.119
2011-05-18 13:00:00,151.338
2011-05-18 14:00:00,169.81
2011-05-18 15:00:00,173.885
2011-05-18 16:00:00,193.735
2011-05-18 17:00:00,209.512
2011-05-18 18:00:00,196.851
2011-05-18 19:00:00,121.969
2011-05-18 20:00:00,121.969
2011-05-18 21:00:00,113.864
2011-05-18 22:00:00,119.237
2011-05-18 23:00:00,106.898
2011-05-19 00:00:00,107.338
2011-05-19 01:00:00,105.783
2011-05-19 02:00:00,105.783
2011-05-19 03:00:00,100.389
2011-05-19 04:00:00,104.481
2011-05-19 05:00:00,104.481
2011-05-19 06:00:00,105.49
2011-05-19 07:00:00,101.463
2011-05-19 08:00:00,113.576
2011-05-19 09:00:00,116.806
2011-05-19 10:00:00,122.119
2011-05-19 11:00:00,127.41
2011-05-19 12:00:00,153.76
2011-05-19 13:00:00,225.487
2011-05-19 14:00:00,173.932
2011-05-19 15:00:00,158.843
2011-05-19 16:00:00,216.667
2011-05-19 17:00:00,158.843
2011-05-19 18:00:00,263.134
2011-05-19 19:00:00,225.576
2011-05-19 20:00:00,170.027
2011-05-19 21:00:00,170.027
2011-05-19 22:00:00,146.4
2011-05-19 23:00:00,104.481
2011-06-16 00:00:00,250.998
2011-06-16 01:00:00,211.077
2011-06-16 02:00:00,248.577
2011-06-16 03:00:00,169.973
2011-06-16 04:00:00,190.504
2011-06-16 05:00:00,236.945
2011-06-16 06:00:00,185.401
2011-06-16 07:00:00,156.863
2011-06-16 08:00:00,209.211
2011-06-16 09:00:00,236.928
2011-06-16 10:00:00,267.516
2011-06-16 11:00:00,272.896
2011-06-16 12:00:00,305.995
2011-06-16 13:00:00,301.363
2011-06-16 14:00:00,304.459
2011-06-16 15:00:00,276.297
2011-06-16 16:00:00,226.32
2011-06-16 17:00:00,158.902
2011-06-16 18:00:00,148.377
2011-06-16 19:00:00,154.333
2011-06-16 20:00:00,158.935
2011-06-16 21:00:00,150.721
2011-06-16 22:00:00,150.721
2011-06-16 23:00:00,152.364
2011-06-17 00:00:00,119.46
2011-06-17 01:00:00,113.064
2011-06-17 02:00:00,112.174
2011-06-17 03:00:00,112.174
2011-06-17 04:00:00,110.074
2011-06-17 05:00:00,105.601
2011-06-17 06:00:00,109.351
2011-06-17 07:00:00,125.704
2011-06-17 08:00:00,125.997
2011-06-17 09:00:00,279.452
2011-06-17 10:00:00,279.452
2011-06-17 11:00:00,228.986
2011-06-17 12:00:00,255.08
2011-06-17 13:00:00,276.051
2011-06-17 14:00:00,309.541
2011-06-17 15:00:00,354.198
2011-06-17 16:00:00,336.068
2011-06-17 17:00:00,354.826
2011-06-17 18:00:00,354.826
2011-06-17 19:00:00,152.716
2011-06-17 20:00:00,158.614
2011-06-17 21:00:00,157.916
2011-06-17 22:00:00,125.188
2011-06-17 23:00:00,134.957
2011-06-18 00:00:00,125.562
2011-06-18 01:00:00,136.605
2011-06-18 02:00:00,118.859
2011-06-18 03:00:00,119.172
2011-06-18 04:00:00,119.172
2011-06-18 05:00:00,131.516
2011-06-18 06:00:00,136.605
2011-06-18 07:00:00,165.649
2011-06-18 08:00:00,156.73
2011-06-18 09:00:00,275.309
2011-06-18 10:00:00,272.664
2011-06-18 11:00:00,262.217
2011-06-18 12:00:00,235.017
2011-06-18 13:00:00,265.54
2011-06-18 14:00:00,347.177
2011-06-18 15:00:00,328.716
2011-06-18 16:00:00,311.096
2011-06-18 17:00:00,322.552
2011-06-18 18:00:00,296.693
2011-06-18 19:00:00,293.305
2011-06-18 20:00:00,269.973
2011-06-18 21:00:00,239.768
2011-06-18 22:00:00,260.335
2011-06-18 23:00:00,237.181
2011-06-19 00:00:00,214.7
2011-06-19 01:00:00,234.108
2011-06-19 02:00:00,186.225
2011-06-19 03:00:00,165.882
2011-06-19 04:00:00,185.624
2011-06-19 05:00:00,157.764
2011-06-19 06:00:00,170.062
2011-06-19 07:00:00,170.062
2011-06-19 08:00:00,185.933
2011-06-19 09:00:00,186.965
2011-06-19 10:00:00,250.957
2011-06-19 11:00:00,256.877
2011-06-19 12:00:00,274.405
2011-06-19 13:00:00,280.483
2011-06-19 14:00:00,268.415
2011-06-19 15:00:00,275.782
2011-06-19 16:00:00,299.719
2011-06-19 17:00:00,280.827
2011-06-19 18:00:00,263.211
2011-06-19 19:00:00,262.217
2011-06-19 20:00:00,222.92
2011-06-19 21:00:00,159.943
2011-06-19 22:00:00,175.874
2011-06-19 23:00:00,176.711
2011-07-16 00:00:00,236.323
2011-07-16 01:00:00,202.267
2011-07-16 02:00:00,182.658
2011-07-16 03:00:00,156.005
2011-07-16 04:00:00,182.479
2011-07-16 05:00:00,153.282
2011-07-16 06:00:00,160.563
2011-07-16 07:00:00,183.15
2011-07-16 08:00:00,244.804
2011-07-16 09:00:00,296.627
2011-07-16 10:00:00,298.924
2011-07-16 11:00:00,325.406
2011-07-16 12:00:00,356.115
2011-07-16 13:00:00,347.267
2011-07-16 14:00:00,348.8
2011-07-16 15:00:00,351.19
2011-07-16 16:00:00,346.401
2011-07-16 17:00:00,339.805
2011-07-16 18:00:00,346.401
2011-07-16 19:00:00,325.269
2011-07-16 20:00:00,310.867
2011-07-16 21:00:00,283.824
2011-07-16 22:00:00,255.34
2011-07-16 23:00:00,271.292
2011-07-17 00:00:00,249.109
2011-07-17 01:00:00,223.226
2011-07-17 02:00:00,224.769
2011-07-17 03:00:00,224.769
2011-07-17 04:00:00,191.568
2011-07-17 05:00:00,224.769
2011-07-17 06:00:00,191.568
2011-07-17 07:00:00,193.868
2011-07-17 08:00:00,251.323
2011-07-17 09:00:00,285.079
2011-07-17 10:00:00,284.071
2011-07-17 11:00:00,306.789
2011-07-17 12:00:00,306.789
2011-07-17 13:00:00,335.686
2011-07-17 14:00:00,341.579
2011-07-17 15:00:00,358.498
2011-07-17 16:00:00,348.216
2011-07-17 17:00:00,342.535
2011-07-17 18:00:00,348.216
2011-07-17 19:00:00,306.789
2011-07-17 20:00:00,296.967
2011-07-17 21:00:00,274.409
2011-07-17 22:00:00,258.462
2011-07-17 23:00:00,190.524
2011-07-18 00:00:00,190.459
2011-07-18 01:00:00,203.076
2011-07-18 02:00:00,152.262
2011-07-18 03:00:00,176.269
2011-07-18 04:00:00,171.026
2011-07-18 05:00:00,158.769
2011-07-18 06:00:00,135.455
2011-07-18 07:00:00,201.815
2011-07-18 08:00:00,223.01
2011-07-18 09:00:00,250.412
2011-07-18 10:00:00,276.563
2011-07-18 11:00:00,287.725
2011-07-18 12:00:00,288.408
2011-07-18 13:00:00,303.9
2011-07-18 14:00:00,311.793
2011-07-18 15:00:00,325.209
2011-07-18 16:00:00,321.016
2011-07-18 17:00:00,340.414
2011-07-18 18:00:00,340.531
2011-07-18 19:00:00,304.137
2011-07-18 20:00:00,294.361
2011-07-18 21:00:00,255.248
2011-07-18 22:00:00,262.267
2011-07-18 23:00:00,252.559
2011-07-19 00:00:00,241.412
2011-07-19 01:00:00,249.144
2011-07-19 02:00:00,223.765
2011-07-19 03:00:00,223.765
2011-07-19 04:00:00,221.726
2011-07-19 05:00:00,192.578
2011-07-19 06:00:00,195.942
2011-07-19 07:00:00,226.666
2011-07-19 08:00:00,229.096
2011-07-19 09:00:00,270.161
2011-07-19 10:00:00,294.339
2011-07-19 11:00:00,268.103
2011-07-19 12:00:00,293.985
2011-07-19 13:00:00,298.705
2011-07-19 14:00:00,325.195
2011-07-19 15:00:00,344.521
2011-07-19 16:00:00,359.413
2011-07-19 17:00:00,234.416
2011-07-19 18:00:00,250.361
2011-07-19 19:00:00,204.837
2011-07-19 20:00:00,200.416
2011-07-19 21:00:00,198.418
2011-07-19 22:00:00,190.112
2011-07-19 23:00:00,170.685
2011-08-16 00:00:00,205.883
2011-08-16 01:00:00,217.097
2011-08-16 02:00:00,198.549
2011-08-16 03:00:00,198.549
2011-08-16 04:00:00,230.294
2011-08-16 05:00:00,203.642
2011-08-16 06:00:00,209.01
2011-08-16 07:00:00,224.215
2011-08-16 08:00:00,284.916
2011-08-16 09:00:00,273.411
2011-08-16 10:00:00,283.596
2011-08-16 11:00:00,313.486
2011-08-16 12:00:00,340.134
2011-08-16 13:00:00,337.263
2011-08-16 14:00:00,346.206
2011-08-16 15:00:00,360.014
2011-08-16 16:00:00,357.788
2011-08-16 17:00:00,350.638
2011-08-16 18:00:00,339.538
2011-08-16 19:00:00,323.459
2011-08-16 20:00:00,281.256
2011-08-16 21:00:00,265.444
2011-08-16 22:00:00,233.578
2011-08-16 23:00:00,236.173
2011-08-17 00:00:00,209.98
2011-08-17 01:00:00,193.92
2011-08-17 02:00:00,198.835
2011-08-17 03:00:00,155.99
2011-08-17 04:00:00,179.083
2011-08-17 05:00:00,179.083
2011-08-17 06:00:00,154.186
2011-08-17 07:00:00,222.719
2011-08-17 08:00:00,283.719
2011-08-17 09:00:00,308.059
2011-08-17 10:00:00,334.724
2011-08-17 11:00:00,337.63
2011-08-17 12:00:00,358.729
2011-08-17 13:00:00,353.882
2011-08-17 14:00:00,358.927
2011-08-17 15:00:00,344.489
2011-08-17 16:00:00,353.13
2011-08-17 17:00:00,329.938
2011-08-17 18:00:00,304.015
2011-08-17 19:00:00,301.413
2011-08-17 20:00:00,292.098
2011-08-17 21:00:00,274.243
2011-08-17 22:00:00,252.519
2011-08-17 23:00:00,255.445
2011-08-18 00:00:00,240.072
2011-08-18 01:00:00,244.672
2011-08-18 02:00:00,249.25
2011-08-18 03:00:00,229.973
2011-08-18 04:00:00,203.906
2011-08-18 05:00:00,177.125
2011-08-18 06:00:00,176.541
2011-08-18 07:00:00,181.813
2011-08-18 08:00:00,207.377
2011-08-18 09:00:00,259.506
2011-08-18 10:00:00,260.606
2011-08-18 11:00:00,296.86
2011-08-18 12:00:00,323.726
2011-08-18 13:00:00,327.519
2011-08-18 14:00:00,351.407
2011-08-18 15:00:00,350.899
2011-08-18 16:00:00,350.899
2011-08-18 17:00:00,348.386
2011-08-18 18:00:00,303.553
2011-08-18 19:00:00,139.667
2011-08-18 20:00:00,139.667
2011-08-18 21:00:00,155.244
2011-08-18 22:00:00,192.578
2011-08-18 23:00:00,190.558
2011-08-19 00:00:00,231.908
2011-08-19 01:00:00,119.71
2011-08-19 02:00:00,133.508
2011-08-19 03:00:00,155.99
2011-08-19 04:00:00,133.04
2011-08-19 05:00:00,133.04
2011-08-19 06:00:00,133.04
2011-08-19 07:00:00,139.811
2011-08-19 08:00:00,135.217
2011-08-19 09:00:00,246.339
2011-08-19 10:00:00,248.407
2011-08-19 11:00:00,234.684
2011-08-19 12:00:00,250.694
2011-08-19 13:00:00,275.499
2011-08-19 14:00:00,298.221
2011-08-19 15:00:00,312.004
2011-08-19 16:00:00,299.382
2011-08-19 17:00:00,294.474
2011-08-19 18:00:00,294.474
2011-08-19 19:00:00,207.189
2011-08-19 20:00:00,158.477
2011-08-19 21:00:00,134.227
2011-08-19 22:00:00,124.824
2011-08-19 23:00:00,120.397
2011-09-16 00:00:00,158.543
2011-09-16 01:00:00,163.57
2011-09-16 02:00:00,160.755
2011-09-16 03:00:00,155.846
2011-09-16 04:00:00,160.755
2011-09-16 05:00:00,136.604
2011-09-16 06:00:00,148.85
2011-09-16 07:00:00,160.755
2011-09-16 08:00:00,168.114
2011-09-16 09:00:00,198.188
2011-09-16 10:00:00,231.671
2011-09-16 11:00:00,231.929
2011-09-16 12:00:00,253.294
2011-09-16 13:00:00,271.91
2011-09-16 14:00:00,280.117
2011-09-16 15:00:00,286.025
2011-09-16 16:00:00,249.913
2011-09-16 17:00:00,250.988
2011-09-16 18:00:00,235.397
2011-09-16 19:00:00,216.935
2011-09-16 20:00:00,211.857
2011-09-16 21:00:00,185.285
2011-09-16 22:00:00,175.079
2011-09-16 23:00:00,195.917
2011-09-17 00:00:00,163.202
2011-09-17 01:00:00,160.137
2011-09-17 02:00:00,131.262
2011-09-17 03:00:00,162.125
2011-09-17 04:00:00,162.125
2011-09-17 05:00:00,163.202
2011-09-17 06:00:00,167.593
2011-09-17 07:00:00,154.152
2011-09-17 08:00:00,155.713
2011-09-17 09:00:00,182.761
2011-09-17 10:00:00,194.165
2011-09-17 11:00:00,190.551
2011-09-17 12:00:00,194.648
2011-09-17 13:00:00,191.585
2011-09-17 14:00:00,177.447
2011-09-17 15:00:00,177.447
2011-09-17 16:00:00,200.09
2011-09-17 17:00:00,178.318
2011-09-17 18:00:00,178.635
2011-09-17 19:00:00,184.082
2011-09-17 20:00:00,184.082
2011-09-17 21:00:00,173.684
2011-09-17 22:00:00,173.584
2011-09-17 23:00:00,137.683
2011-09-18 00:00:00,154.027
2011-09-18 01:00:00,154.027
2011-09-18 02:00:00,136.728
2011-09-18 03:00:00,137.459
2011-09-18 04:00:00,151.243
2011-09-18 05:00:00,151.243
2011-09-18 06:00:00,152.471
2011-09-18 07:00:00,168.082
2011-09-18 08:00:00,168.173
2011-09-18 09:00:00,184.956
2011-09-18 10:00:00,171.657
2011-09-18 11:00:00,190.203
2011-09-18 12:00:00,202.076
2011-09-18 13:00:00,220.945
2011-09-18 14:00:00,238.303
2011-09-18 15:00:00,225.809
2011-09-18 16:00:00,212.972
2011-09-18 17:00:00,210.741
2011-09-18 18:00:00,218.792
2011-09-18 19:00:00,180.835
2011-09-18 20:00:00,186.674
2011-09-18 21:00:00,186.674
2011-09-18 22:00:00,186.674
2011-09-18 23:00:00,193.84
2011-09-19 00:00:00,179.097
2011-09-19 01:00:00,171.511
2011-09-19 02:00:00,175.671
2011-09-19 03:00:00,153.486
2011-09-19 04:00:00,155.157
2011-09-19 05:00:00,155.693
2011-09-19 06:00:00,158.611
2011-09-19 07:00:00,146.288
2011-09-19 08:00:00,154.364
2011-09-19 09:00:00,191.139
2011-09-19 10:00:00,206.39
2011-09-19 11:00:00,215.368
2011-09-19 12:00:00,220.351
2011-09-19 13:00:00,222.51
2011-09-19 14:00:00,251.175
2011-09-19 15:00:00,256.026
2011-09-19 16:00:00,250.645
2011-09-19 17:00:00,213.172
2011-09-19 18:00:00,195.208
2011-09-19 19:00:00,193.08
2011-09-19 20:00:00,195.208
2011-09-19 21:00:00,198.481
2011-09-19 22:00:00,198.481
2011-09-19 23:00:00,179.778
2011-10-16 00:00:00,240.357
2011-10-16 01:00:00,219.964
2011-10-16 02:00:00,190.444
2011-10-16 03:00:00,190.444
2011-10-16 04:00:00,193.34
2011-10-16 05:00:00,192.627
2011-10-16 06:00:00,149.508
2011-10-16 07:00:00,164.847
2011-10-16 08:00:00,180.839
2011-10-16 09:00:00,264.639
2011-10-16 10:00:00,290.775
2011-10-16 11:00:00,325.376
2011-10-16 12:00:00,332.024
2011-10-16 13:00:00,346.274
2011-10-16 14:00:00,342.705
2011-10-16 15:00:00,349.228
2011-10-16 16:00:00,324.073
2011-10-16 17:00:00,283.768
2011-10-16 18:00:00,275.735
2011-10-16 19:00:00,250.606
2011-10-16 20:00:00,249.779
2011-10-16 21:00:00,250.606
2011-10-16 22:00:00,275.325
2011-10-16 23:00:00,263.422
2011-10-17 00:00:00,237.85
2011-10-17 01:00:00,252.592
2011-10-17 02:00:00,252.592
2011-10-17 03:00:00,269.434
2011-10-17 04:00:00,216.482
2011-10-17 05:00:00,204.927
2011-10-17 06:00:00,219.034
2011-10-17 07:00:00,218.01
2011-10-17 08:00:00,233.348
2011-10-17 09:00:00,262.473
2011-10-17 10:00:00,270.153
2011-10-17 11:00:00,273.957
2011-10-17 12:00:00,309.346
2011-10-17 13:00:00,276.168
2011-10-17 14:00:00,275.426
2011-10-17 15:00:00,232.39
2011-10-17 16:00:00,246.719
2011-10-17 17:00:00,207.817
2011-10-17 18:00:00,209.214
2011-10-17 19:00:00,185.598
2011-10-17 20:00:00,150.343
2011-10-17 21:00:00,149.022
2011-10-17 22:00:00,139.08
2011-10-17 23:00:00,114.864
2011-10-18 00:00:00,122.251
2011-10-18 01:00:00,114.366
2011-10-18 02:00:00,102.957
2011-10-18 03:00:00,102.957
2011-10-18 04:00:00,103.707
2011-10-18 05:00:00,114.366
2011-10-18 06:00:00,130.888
2011-10-18 07:00:00,115.085
2011-10-18 08:00:00,147.939
2011-10-18 09:00:00,150.698
2011-10-18 10:00:00,189.729
2011-10-18 11:00:00,281.772
2011-10-18 12:00:00,316.629
2011-10-18 13:00:00,348.95
2011-10-18 14:00:00,337.162
2011-10-18 15:00:00,294.074
2011-10-18 16:00:00,274.926
2011-10-18 17:00:00,244.963
2011-10-18 18:00:00,193.586
2011-10-18 19:00:00,220.774
2011-10-18 20:00:00,204.376
2011-10-18 21:00:00,186.623
2011-10-18 22:00:00,157.205
2011-10-18 23:00:00,156.526
2011-10-19 00:00:00,156.526
2011-10-19 01:00:00,156.526
2011-10-19 02:00:00,156.526
2011-10-19 04:00:00,110.573
2011-10-19 05:00:00,101.152
2011-10-19 06:00:00,146.26
2011-10-19 07:00:00,168.856
2011-10-19 08:00:00,205.431
2011-10-19 09:00:00,137.165
2011-10-19 10:00:00,137.165
2011-10-19 11:00:00,114.949
2011-10-19 12:00:00,118.07
2011-10-19 13:00:00,118.543
2011-10-19 14:00:00,112.027
2011-10-19 15:00:00,104.156
2011-10-19 16:00:00,114.77
2011-10-19 17:00:00,114.77
2011-10-19 18:00:00,107.449
2011-10-19 19:00:00,125.624
2011-10-19 20:00:00,111.381
2011-10-19 21:00:00,114.865
2011-10-19 22:00:00,124.537
2011-10-19 23:00:00,124.537
2011-11-16 00:00:00,101.382
2011-11-16 01:00:00,105.389
2011-11-16 02:00:00,105.534
2011-11-16 03:00:00,105.534
2011-11-16 04:00:00,103.63
2011-11-16 05:00:00,105.59
2011-11-16 06:00:00,105.502
2011-11-16 07:00:00,101.341
2011-11-16 08:00:00,101.341
2011-11-16 09:00:00,101.341
2011-11-16 10:00:00,101.341
2011-11-16 11:00:00,105.389
2011-11-16 12:00:00,99.46
2011-11-16 13:00:00,105.617
2011-11-16 14:00:00,97.548
2011-11-16 15:00:00,106.364
2011-11-16 16:00:00,106.364
2011-11-16 17:00:00,120.557
2011-11-16 18:00:00,125.843
2011-11-16 19:00:00,125.843
2011-11-16 20:00:00,122.883
2011-11-16 21:00:00,120.715
2011-11-16 22:00:00,117.848
2011-11-16 23:00:00,114.175
2011-11-17 00:00:00,117.201
2011-11-17 01:00:00,134.921
2011-11-17 02:00:00,135.885
2011-11-17 03:00:00,152.576
2011-11-17 04:00:00,176.593
2011-11-17 05:00:00,138.921
2011-11-17 06:00:00,163.288
2011-11-17 07:00:00,154.618
2011-11-17 08:00:00,153.872
2011-11-17 09:00:00,151.264
2011-11-17 10:00:00,151.264
2011-11-17 11:00:00,137.675
2011-11-17 12:00:00,159.715
2011-11-17 13:00:00,165.985
2011-11-17 14:00:00,165.501
2011-11-17 15:00:00,165.985
2011-11-17 16:00:00,171.344
2011-11-17 17:00:00,165.774
2011-11-17 18:00:00,182.549
2011-11-17 19:00:00,157.727
2011-11-17 20:00:00,169.896
2011-11-17 21:00:00,167.291
2011-11-17 22:00:00,136.936
2011-11-17 23:00:00,138.915
2011-11-18 00:00:00,142.819
2011-11-18 01:00:00,145.225
2011-11-18 02:00:00,140.062
2011-11-18 03:00:00,146.045
2011-11-18 04:00:00,138.597
2011-11-18 05:00:00,141.746
2011-11-18 06:00:00,150.467
2011-11-18 07:00:00,138.597
2011-11-18 08:00:00,138.266
2011-11-18 09:00:00,157.485
2011-11-18 10:00:00,153.559
2011-11-18 11:00:00,182.237
2011-11-18 12:00:00,204.247
2011-11-18 13:00:00,206.708
2011-11-18 14:00:00,207.008
2011-11-18 15:00:00,213.971
2011-11-18 16:00:00,213.971
2011-11-18 17:00:00,205.912
2011-11-18 18:00:00,183.471
2011-11-18 19:00:00,161.959
2011-11-18 20:00:00,149.867
2011-11-18 21:00:00,150.593
2011-11-18 22:00:00,138.103
2011-11-18 23:00:00,122.227
2011-11-19 00:00:00,130.553
2011-11-19 01:00:00,134.807
2011-11-19 02:00:00,127.814
2011-11-19 03:00:00,140.654
2011-11-19 04:00:00,139.589
2011-11-19 05:00:00,130.916
2011-11-19 06:00:00,126.775
2011-11-19 07:00:00,124.944
2011-11-19 08:00:00,133.278
2011-11-19 09:00:00,145.669
2011-11-19 10:00:00,163.832
2011-11-19 11:00:00,204.116
2011-11-19 12:00:00,234.776
2011-11-19 13:00:00,267.728
2011-11-19 14:00:00,262.042
2011-11-19 15:00:00,227.947
2011-11-19 16:00:00,242.132
2011-11-19 17:00:00,219.51
2011-11-19 18:00:00,194.698
2011-11-19 19:00:00,130.224
2011-11-19 20:00:00,153.072
2011-11-19 21:00:00,149.109
2011-11-19 22:00:00,166.076
2011-11-19 23:00:00,162.994
2011-12-16 00:00:00,184.746
2011-12-16 01:00:00,173.7
2011-12-16 02:00:00,146.389
2011-12-16 03:00:00,130.734
2011-12-16 04:00:00,209.755
2011-12-16 05:00:00,255.982
2011-12-16 06:00:00,274.608
2011-12-16 07:00:00,200.828
2011-12-16 08:00:00,175.753
2011-12-16 09:00:00,177.188
2011-12-16 10:00:00,167.205
2011-12-16 11:00:00,176.856
2011-12-16 12:00:00,174.098
2011-12-16 13:00:00,176.048
2011-12-16 14:00:00,179.472
2011-12-16 15:00:00,166.283
2011-12-16 16:00:00,165.77
2011-12-16 17:00:00,165.265
2011-12-16 18:00:00,163.526
2011-12-16 19:00:00,165.77
2011-12-16 20:00:00,169.525
2011-12-16 21:00:00,171.386
2011-12-16 22:00:00,155.815
2011-12-16 23:00:00,158.249
2011-12-17 00:00:00,152.649
2011-12-17 01:00:00,153.954
2011-12-17 02:00:00,140.366
2011-12-17 03:00:00,128.296
2011-12-17 04:00:00,118.867
2011-12-17 05:00:00,128.129
2011-12-17 06:00:00,133.987
2011-12-17 07:00:00,133.758
2011-12-17 08:00:00,133.758
2011-12-17 09:00:00,133.541
2011-12-17 10:00:00,137.912
2011-12-17 11:00:00,150.891
2011-12-17 12:00:00,150.453
2011-12-17 13:00:00,148.997
2011-12-17 14:00:00,153.345
2011-12-17 15:00:00,150.453
2011-12-17 16:00:00,152.794
2011-12-17 17:00:00,142.855
2011-12-17 18:00:00,143.767
2011-12-17 19:00:00,121.965
2011-12-17 20:00:00,115.591
2011-12-17 21:00:00,98.154
2011-12-17 22:00:00,98.154
2011-12-17 23:00:00,96.558
2011-12-18 00:00:00,96.024
2011-12-18 01:00:00,104.156
2011-12-18 02:00:00,125.368
2011-12-18 03:00:00,125.426
2011-12-18 04:00:00,125.426
2011-12-18 05:00:00,112.75
2011-12-18 06:00:00,112.323
2011-12-18 07:00:00,112.238
2011-12-18 08:00:00,105.813
2011-12-18 09:00:00,113.028
2011-12-18 10:00:00,124.944
2011-12-18 11:00:00,122.665
2011-12-18 12:00:00,131.382
2011-12-18 13:00:00,149.891
2011-12-18 14:00:00,152.649
2011-12-18 15:00:00,165.162
2011-12-18 16:00:00,149.044
2011-12-18 17:00:00,152.845
2011-12-18 18:00:00,152.89
2011-12-18 19:00:00,140.422
2011-12-18 20:00:00,118.255
2011-12-18 21:00:00,111.741
2011-12-18 22:00:00,100.021
2011-12-18 23:00:00,97.45
2011-12-19 00:00:00,96.511
2011-12-19 01:00:00,92.316
2011-12-19 02:00:00,92.316
2011-12-19 03:00:00,90.035
2011-12-19 04:00:00,90.397
2011-12-19 05:00:00,88.578
2011-12-19 06:00:00,90.276
2011-12-19 07:00:00,97.191
2011-12-19 08:00:00,99.344
2011-12-19 09:00:00,114.017
2011-12-19 10:00:00,115.038
2011-12-19 11:00:00,123.209
2011-12-19 12:00:00,144.212
2011-12-19 13:00:00,163.502
2011-12-19 14:00:00,182.181
2011-12-19 15:00:00,199.361
2011-12-19 16:00:00,220.788
2011-12-19 17:00:00,199.697
2011-12-19 18:00:00,173.949
2011-12-19 19:00:00,168.799
2011-12-19 20:00:00,219.762
2011-12-19 21:00:00,166.996
2011-12-19 22:00:00,157.396
2011-12-19 23:00:00,168.609
2012-01-16 00:00:00,119.378
2012-01-16 01:00:00,127.101
2012-01-16 02:00:00,130.621
2012-01-16 03:00:00,119.851
2012-01-16 04:00:00,104.309
2012-01-16 05:00:00,112.392
2012-01-16 06:00:00,109.441
2012-01-16 07:00:00,108.493
2012-01-16 08:00:00,102.406
2012-01-16 09:00:00,102.406
2012-01-16 10:00:00,104.656
2012-01-16 11:00:00,110.569
2012-01-16 12:00:00,125.074
2012-01-16 13:00:00,143.014
2012-01-16 14:00:00,142.166
2012-01-16 15:00:00,145.76
2012-01-16 16:00:00,143.911
2012-01-16 17:00:00,136.802
2012-01-16 18:00:00,137.452
2012-01-16 19:00:00,131.213
2012-01-16 20:00:00,128.916
2012-01-16 21:00:00,141.699
2012-01-16 22:00:00,148.012
2012-01-16 23:00:00,116.691
2012-01-17 00:00:00,118.073
2012-01-17 01:00:00,131.755
2012-01-17 02:00:00,117.567
2012-01-17 04:00:00,138.422
2012-01-17 05:00:00,138.422
2012-01-17 06:00:00,120.83
2012-01-17 07:00:00,110.351
2012-01-17 08:00:00,111.18
2012-01-17 09:00:00,111.562
2012-01-17 10:00:00,102.079
2012-01-17 11:00:00,102.094
2012-01-17 12:00:00,103.897
2012-01-17 13:00:00,142.762
2012-01-17 14:00:00,191.056
2012-01-17 15:00:00,191.056
2012-01-17 16:00:00,197.479
2012-01-17 17:00:00,192.481
2012-01-17 18:00:00,192.481
2012-01-17 19:00:00,189.866
2012-01-17 20:00:00,186.972
2012-01-17 21:00:00,189.781
2012-01-17 22:00:00,176.629
2012-01-17 23:00:00,176.629
2012-01-18 00:00:00,161.458
2012-01-18 01:00:00,161.458
2012-01-18 02:00:00,210.386
2012-01-18 03:00:00,210.386
2012-01-18 04:00:00,163.587
2012-01-18 05:00:00,163.587
2012-01-18 06:00:00,189.539
2012-01-18 07:00:00,164.715
2012-01-18 08:00:00,151.168
2012-01-18 09:00:00,141.477
2012-01-18 10:00:00,161.098
2012-01-18 11:00:00,155.258
2012-01-18 12:00:00,167.359
2012-01-18 13:00:00,161.098
2012-01-18 14:00:00,185.61
2012-01-18 15:00:00,189.928
2012-01-18 16:00:00,188.627
2012-01-18 17:00:00,173.759
2012-01-18 18:00:00,169.412
2012-01-18 19:00:00,150.502
2012-01-18 20:00:00,147.958
2012-01-18 21:00:00,139.796
2012-01-18 22:00:00,120.566
2012-01-18 23:00:00,117.201
2012-01-19 00:00:00,113.398
2012-01-19 01:00:00,114.156
2012-01-19 02:00:00,116.612
2012-01-19 03:00:00,110.264
2012-01-19 04:00:00,110.264
2012-01-19 05:00:00,112.438
2012-01-19 06:00:00,108.618
2012-01-19 07:00:00,112.076
2012-01-19 08:00:00,110.264
2012-01-19 09:00:00,119.656
2012-01-19 10:00:00,107.289
2012-01-19 11:00:00,110.188
2012-01-19 12:00:00,123.713
2012-01-19 13:00:00,130.356
2012-01-19 14:00:00,138.542
2012-01-19 15:00:00,142.639
2012-01-19 16:00:00,149.221
2012-01-19 17:00:00,143.012
2012-01-19 18:00:00,143.012
2012-01-19 19:00:00,135.41
2012-01-19 20:00:00,142.011
2012-01-19 21:00:00,143.688
2012-01-19 22:00:00,145.955
2012-01-19 23:00:00,136.507
2012-02-16 00:00:00,115.699
2012-02-16 01:00:00,115.629
2012-02-16 02:00:00,115.776
2012-02-16 03:00:00,127.246
2012-02-16 04:00:00,115.519
2012-02-16 05:00:00,115.629
2012-02-16 06:00:00,115.776
2012-02-16 07:00:00,115.699
2012-02-16 08:00:00,115.776
2012-02-16 09:00:00,117.76
2012-02-16 10:00:00,124.807
2012-02-16 11:00:00,122.098
2012-02-16 12:00:00,111.336
2012-02-16 13:00:00,134.591
2012-02-16 14:00:00,113.679
2012-02-16 15:00:00,114.55
2012-02-16 16:00:00,111.859
2012-02-16 17:00:00,102.672
2012-02-16 18:00:00,104.137
2012-02-16 19:00:00,104.892
2012-02-16 20:00:00,101.655
2012-02-16 21:00:00,112.757
2012-02-16 22:00:00,109.099
2012-02-16 23:00:00,109.716
2012-02-17 00:00:00,100.096
2012-02-17 01:00:00,95.911
2012-02-17 02:00:00,92.108
2012-02-17 03:00:00,92.641
2012-02-17 04:00:00,96.418
2012-02-17 05:00:00,94.83
2012-02-17 06:00:00,92.359
2012-02-17 07:00:00,92.641
2012-02-17 08:00:00,89.35
2012-02-17 09:00:00,89.35
2012-02-17 10:00:00,137.706
2012-02-17 11:00:00,160.006
2012-02-17 12:00:00,196.276
2012-02-17 13:00:00,210.023
2012-02-17 14:00:00,230.1
2012-02-17 15:00:00,252.553
2012-02-17 16:00:00,260.035
2012-02-17 17:00:00,259.288
2012-02-17 18:00:00,233.314
2012-02-17 19:00:00,213.835
2012-02-17 20:00:00,238.178
2012-02-17 21:00:00,211.75
2012-02-17 22:00:00,194.519
2012-02-17 23:00:00,193.778
2012-02-18 00:00:00,179.457
2012-02-18 01:00:00,160.996
2012-02-18 02:00:00,137.011
2012-02-18 03:00:00,119.842
2012-02-18 04:00:00,111.319
2012-02-18 05:00:00,105.815
2012-02-18 06:00:00,107.912
2012-02-18 07:00:00,107.912
2012-02-18 08:00:00,94.258
2012-02-18 09:00:00,95.862
2012-02-18 10:00:00,98.847
2012-02-18 11:00:00,143.624
2012-02-18 12:00:00,185.266
2012-02-18 13:00:00,210.704
2012-02-18 14:00:00,266.683
2012-02-18 15:00:00,228.824
2012-02-18 16:00:00,230.6
2012-02-18 17:00:00,288.566
2012-02-18 18:00:00,272.285
2012-02-18 19:00:00,227.915
2012-02-18 20:00:00,227.915
2012-02-18 21:00:00,272.674
2012-02-18 22:00:00,219.162
2012-02-18 23:00:00,182.947
2012-02-19 00:00:00,174.727
2012-02-19 01:00:00,177.077
2012-02-19 02:00:00,181.494
2012-02-19 03:00:00,178.848
2012-02-19 04:00:00,151.468
2012-02-19 05:00:00,135.549
2012-02-19 06:00:00,132.896
2012-02-19 07:00:00,130.018
2012-02-19 08:00:00,122.936
2012-02-19 09:00:00,126.765
2012-02-19 10:00:00,135.565
2012-02-19 11:00:00,134.297
2012-02-19 12:00:00,140.897
2012-02-19 13:00:00,152.497
2012-02-19 14:00:00,165.265
2012-02-19 15:00:00,150.395
2012-02-19 16:00:00,162.99
2012-02-19 17:00:00,148.212
2012-02-19 18:00:00,145.972
2012-02-19 19:00:00,149.049
2012-02-19 20:00:00,149.756
2012-02-19 21:00:00,118.313
2012-02-19 22:00:00,98.976
2012-02-19 23:00:00,89.223
2012-03-16 00:00:00,152.263
2012-03-16 01:00:00,137.88
2012-03-16 02:00:00,133.821
2012-03-16 03:00:00,116.875
2012-03-16 04:00:00,115.488
2012-03-16 05:00:00,114.275
2012-03-16 06:00:00,111.263
2012-03-16 07:00:00,113.492
2012-03-16 08:00:00,114.275
2012-03-16 09:00:00,118.146
2012-03-16 10:00:00,110.443
2012-03-16 11:00:00,129.438
2012-03-16 12:00:00,129.482
2012-03-16 13:00:00,143.986
2012-03-16 14:00:00,149.215
2012-03-16 15:00:00,130.956
2012-03-16 16:00:00,135.667
2012-03-16 17:00:00,130.394
2012-03-16 18:00:00,130.394
2012-03-16 19:00:00,113.116
2012-03-16 20:00:00,113.352
2012-03-16 21:00:00,100.776
2012-03-16 22:00:00,100.776
2012-03-16 23:00:00,100.776
2012-03-17 00:00:00,103.062
2012-03-17 01:00:00,100.74
2012-03-17 02:00:00,111.418
2012-03-17 03:00:00,111.418
2012-03-17 04:00:00,99.524
2012-03-17 05:00:00,98.332
2012-03-17 06:00:00,105.393
2012-03-17 07:00:00,94.79
2012-03-17 08:00:00,99.337
2012-03-17 09:00:00,112.071
2012-03-17 10:00:00,148.148
2012-03-17 11:00:00,153.658
2012-03-17 12:00:00,194.844
2012-03-17 13:00:00,236.506
2012-03-17 14:00:00,261.296
2012-03-17 15:00:00,273.191
2012-03-17 16:00:00,272.975
2012-03-17 17:00:00,284.92
2012-03-17 18:00:00,273.027
2012-03-17 19:00:00,227.867
2012-03-17 20:00:00,210.408
2012-03-17 21:00:00,188.999
2012-03-17 22:00:00,176.851
2012-03-17 23:00:00,152.828
2012-03-18 00:00:00,118.773
2012-03-18 01:00:00,130.816
2012-03-18 02:00:00,131.007
2012-03-18 03:00:00,118.247
2012-03-18 04:00:00,101.31
2012-03-18 05:00:00,98.153
2012-03-18 06:00:00,98.153
2012-03-18 07:00:00,114.161
2012-03-18 08:00:00,109.724
2012-03-18 09:00:00,109.767
2012-03-18 10:00:00,109.724
2012-03-18 11:00:00,135.41
2012-03-18 12:00:00,118.247
2012-03-18 13:00:00,138.488
2012-03-18 14:00:00,148.148
2012-03-18 15:00:00,185.679
2012-03-18 16:00:00,162.68
2012-03-18 17:00:00,208.321
2012-03-18 18:00:00,211.877
2012-03-18 19:00:00,211.877
2012-03-18 20:00:00,153.824
2012-03-18 21:00:00,166.532
2012-03-18 22:00:00,147.525
2012-03-18 23:00:00,140.607
2012-03-19 00:00:00,131.199
2012-03-19 01:00:00,115.5
2012-03-19 02:00:00,118.358
2012-03-19 03:00:00,114.192
2012-03-19 04:00:00,100.874
2012-03-19 05:00:00,100.874
2012-03-19 06:00:00,117.245
2012-03-19 07:00:00,119.001
2012-03-19 08:00:00,115.5
2012-03-19 09:00:00,170.277
2012-03-19 10:00:00,173.359
2012-03-19 11:00:00,195.217
2012-03-19 12:00:00,240.493
2012-03-19 13:00:00,257.277
2012-03-19 14:00:00,271.326
2012-03-19 15:00:00,275.478
2012-03-19 16:00:00,302.843
2012-03-19 17:00:00,291.812
2012-03-19 18:00:00,277.615
2012-03-19 19:00:00,254.793
2012-03-19 20:00:00,241.301
2012-03-19 21:00:00,232.34
2012-03-19 22:00:00,178.574
2012-03-19 23:00:00,149.427
2012-04-16 00:00:00,297.042
2012-04-16 01:00:00,252.281
2012-04-16 02:00:00,240.987
2012-04-16 03:00:00,207.488
2012-04-16 04:00:00,163.371
2012-04-16 05:00:00,163.371
2012-04-16 06:00:00,142.919
2012-04-16 07:00:00,137.57
2012-04-16 08:00:00,138.881
2012-04-16 09:00:00,221.719
2012-04-16 10:00:00,220.921
2012-04-16 11:00:00,241.135
2012-04-16 12:00:00,284.561
2012-04-16 13:00:00,348.85
2012-04-16 14:00:00,351.153
2012-04-16 15:00:00,369.19
2012-04-16 16:00:00,366.819
2012-04-16 17:00:00,371.264
2012-04-16 18:00:00,374.108
2012-04-16 19:00:00,365.713
2012-04-16 20:00:00,364.269
2012-04-16 21:00:00,307.296
2012-04-16 22:00:00,307.296
2012-04-16 23:00:00,342.912
2012-04-17 00:00:00,286.997
2012-04-17 01:00:00,263.644
2012-04-17 02:00:00,131.361
2012-04-17 03:00:00,127.507
2012-04-17 04:00:00,332.099
2012-04-17 05:00:00,289.602
2012-04-17 06:00:00,318.069
2012-04-17 07:00:00,328.073
2012-04-17 08:00:00,325.841
2012-04-17 09:00:00,329.86
2012-04-17 10:00:00,336.728
2012-04-17 11:00:00,339.849
2012-04-17 12:00:00,347.141
2012-04-17 13:00:00,354.329
2012-04-17 14:00:00,354.029
2012-04-17 15:00:00,351.316
2012-04-17 16:00:00,349.472
2012-04-17 17:00:00,349.695
2012-04-17 18:00:00,350.804
2012-04-17 19:00:00,346.406
2012-04-17 20:00:00,343.529
2012-04-17 21:00:00,326.635
2012-04-17 22:00:00,326.203
2012-04-17 23:00:00,322.868
2012-04-18 00:00:00,321.555
2012-04-18 01:00:00,310.328
2012-04-18 02:00:00,275.31
2012-04-18 03:00:00,276.475
2012-04-18 04:00:00,281.798
2012-04-18 05:00:00,293.781
2012-04-18 06:00:00,293.781
2012-04-18 07:00:00,288.004
2012-04-18 08:00:00,288.004
2012-04-18 09:00:00,254.092
2012-04-18 10:00:00,234.605
2012-04-18 11:00:00,231.563
2012-04-18 12:00:00,214.283
2012-04-18 13:00:00,178.578
2012-04-18 14:00:00,158.845
2012-04-18 15:00:00,145.02
2012-04-18 16:00:00,146.744
2012-04-18 17:00:00,144.986
2012-04-18 18:00:00,127.606
2012-04-18 19:00:00,146.067
2012-04-18 20:00:00,141.879
2012-04-18 21:00:00,123.41
2012-04-18 22:00:00,137.591
2012-04-18 23:00:00,127.606
2012-04-19 00:00:00,127.499
2012-04-19 01:00:00,142.342
2012-04-19 02:00:00,127.606
2012-04-19 03:00:00,127.606
2012-04-19 04:00:00,136.843
2012-04-19 05:00:00,116.544
2012-04-19 06:00:00,122.682
2012-04-19 07:00:00,125.738
2012-04-19 08:00:00,123.286
2012-04-19 09:00:00,145.827
2012-04-19 10:00:00,187.66
2012-04-19 11:00:00,238.338
2012-04-19 12:00:00,244.2
2012-04-19 13:00:00,261.633
2012-04-19 14:00:00,283.342
2012-04-19 15:00:00,304.066
2012-04-19 16:00:00,331.661
2012-04-19 17:00:00,315.789
2012-04-19 18:00:00,315.789
2012-04-19 19:00:00,288.31
2012-04-19 20:00:00,274.909
2012-04-19 21:00:00,227.324
2012-04-19 22:00:00,214.88
2012-04-19 23:00:00,195.371
2012-05-16 00:00:00,118.061
2012-05-16 01:00:00,124.369
2012-05-16 02:00:00,117.532
2012-05-16 03:00:00,118.37
2012-05-16 04:00:00,110.074
2012-05-16 05:00:00,109.198
2012-05-16 06:00:00,107.711
2012-05-16 07:00:00,119.38
2012-05-16 08:00:00,121.115
2012-05-16 09:00:00,155.215
2012-05-16 10:00:00,230.273
2012-05-16 11:00:00,274.091
2012-05-16 12:00:00,296.44
2012-05-16 13:00:00,322.657
2012-05-16 14:00:00,336.305
2012-05-16 15:00:00,307.258
2012-05-16 16:00:00,323.675
2012-05-16 17:00:00,306.524
2012-05-16 18:00:00,310.429
2012-05-16 19:00:00,303.215
2012-05-16 20:00:00,248.169
2012-05-16 21:00:00,198.061
2012-05-16 22:00:00,194.04
2012-05-16 23:00:00,157.705
2012-05-17 00:00:00,155.165
2012-05-17 01:00:00,142.905
2012-05-17 02:00:00,161.379
2012-05-17 03:00:00,199.047
2012-05-17 04:00:00,241.854
2012-05-17 05:00:00,212.911
2012-05-17 06:00:00,191.522
2012-05-17 07:00:00,189.483
2012-05-17 08:00:00,228.872
2012-05-17 09:00:00,247.62
2012-05-17 10:00:00,255.135
2012-05-17 11:00:00,281.419
2012-05-17 12:00:00,324.12
2012-05-17 13:00:00,332.103
2012-05-17 14:00:00,349.578
2012-05-17 15:00:00,353.597
2012-05-17 16:00:00,357.308
2012-05-17 17:00:00,354.871
2012-05-17 18:00:00,357.297
2012-05-17 19:00:00,354.953
2012-05-17 20:00:00,335.236
2012-05-17 21:00:00,320.003
2012-05-17 22:00:00,289.68
2012-05-17 23:00:00,255.745
2012-05-18 00:00:00,210.795
2012-05-18 01:00:00,202.724
2012-05-18 02:00:00,178.483
2012-05-18 03:00:00,159.371
2012-05-18 04:00:00,155.007
2012-05-18 05:00:00,146.061
2012-05-18 06:00:00,148.783
2012-05-18 07:00:00,131.623
2012-05-18 08:00:00,213.381
2012-05-18 09:00:00,234.134
2012-05-18 10:00:00,304.876
2012-05-18 11:00:00,307.076
2012-05-18 12:00:00,332.103
2012-05-18 13:00:00,355.556
2012-05-18 14:00:00,359.005
2012-05-18 15:00:00,360.4
2012-05-18 16:00:00,359.129
2012-05-18 17:00:00,359.005
2012-05-18 18:00:00,351.03
2012-05-18 19:00:00,332.103
2012-05-18 20:00:00,336.772
2012-05-18 21:00:00,314.981
2012-05-18 22:00:00,256.278
2012-05-18 23:00:00,217.195
2012-05-19 00:00:00,247.56
2012-05-19 01:00:00,231.983
2012-05-19 02:00:00,229.296
2012-05-19 03:00:00,235.717
2012-05-19 04:00:00,192.781
2012-05-19 05:00:00,161.03
2012-05-19 06:00:00,155.712
2012-05-19 07:00:00,172.471
2012-05-19 08:00:00,234.39
2012-05-19 09:00:00,300.742
2012-05-19 10:00:00,274.623
2012-05-19 11:00:00,341.456
2012-05-19 12:00:00,331.796
2012-05-19 13:00:00,356.969
2012-05-19 14:00:00,357.215
2012-05-19 15:00:00,357.253
2012-05-19 16:00:00,357.077
2012-05-19 17:00:00,358.066
2012-05-19 18:00:00,359.745
2012-05-19 19:00:00,350.029
2012-05-19 20:00:00,335.167
2012-05-19 21:00:00,273.083
2012-05-19 22:00:00,288.425
2012-05-19 23:00:00,262.133
2012-06-16 00:00:00,236.257
2012-06-16 01:00:00,225.452
2012-06-16 02:00:00,240.085
2012-06-16 03:00:00,217.918
2012-06-16 04:00:00,185.3
2012-06-16 05:00:00,181.598
2012-06-16 06:00:00,193.506
2012-06-16 07:00:00,193.506
2012-06-16 08:00:00,216.21
2012-06-16 09:00:00,236.643
2012-06-16 10:00:00,313.745
2012-06-16 11:00:00,348.264
2012-06-16 12:00:00,337.7
2012-06-16 13:00:00,364.532
2012-06-16 14:00:00,364.155
2012-06-16 15:00:00,368.046
2012-06-16 16:00:00,354.941
2012-06-16 17:00:00,363.525
2012-06-16 18:00:00,363.74
2012-06-16 19:00:00,346.52
2012-06-16 20:00:00,315.835
2012-06-16 21:00:00,299.864
2012-06-16 22:00:00,293.474
2012-06-16 23:00:00,287.349
2012-06-17 00:00:00,233.721
2012-06-17 01:00:00,221.752
2012-06-17 02:00:00,232.504
2012-06-17 03:00:00,207.497
2012-06-17 04:00:00,203.98
2012-06-17 05:00:00,185.3
2012-06-17 06:00:00,171.045
2012-06-17 07:00:00,168.389
2012-06-17 08:00:00,203.464
2012-06-17 09:00:00,195.949
2012-06-17 10:00:00,204.142
2012-06-17 11:00:00,246.39
2012-06-17 12:00:00,240.065
2012-06-17 13:00:00,282.946
2012-06-17 14:00:00,258.476
2012-06-17 15:00:00,302.705
2012-06-17 16:00:00,294.826
2012-06-17 17:00:00,275.728
2012-06-17 18:00:00,287.985
2012-06-17 19:00:00,282.946
2012-06-17 20:00:00,268.76
2012-06-17 21:00:00,268.76
2012-06-17 22:00:00,250.735
2012-06-17 23:00:00,215.637
2012-06-18 00:00:00,184.868
2012-06-18 01:00:00,163.751
2012-06-18 02:00:00,163.751
2012-06-18 03:00:00,145.335
2012-06-18 04:00:00,161.691
2012-06-18 05:00:00,136.797
2012-06-18 06:00:00,120.072
2012-06-18 07:00:00,116.009
2012-06-18 08:00:00,142.919
2012-06-18 09:00:00,148.128
2012-06-18 10:00:00,118.956
2012-06-18 11:00:00,127.495
2012-06-18 12:00:00,151.863
2012-06-18 13:00:00,179.331
2012-06-18 14:00:00,207.442
2012-06-18 15:00:00,213.665
2012-06-18 16:00:00,194.106
2012-06-18 17:00:00,194.106
2012-06-18 18:00:00,216.72
2012-06-18 19:00:00,183.106
2012-06-18 20:00:00,184.405
2012-06-18 21:00:00,181.76
2012-06-18 22:00:00,192.382
2012-06-18 23:00:00,165.908
2012-06-19 00:00:00,160.718
2012-06-19 01:00:00,160.718
2012-06-19 02:00:00,155.215
2012-06-19 03:00:00,156.396
2012-06-19 04:00:00,155.215
2012-06-19 05:00:00,165.585
2012-06-19 06:00:00,156.396
2012-06-19 07:00:00,155.215
2012-06-19 08:00:00,160.718
2012-06-19 09:00:00,188.559
2012-06-19 10:00:00,188.559
2012-06-19 11:00:00,216.743
2012-06-19 12:00:00,233.277
2012-06-19 13:00:00,274.233
2012-06-19 14:00:00,275.008
2012-06-19 15:00:00,284.362
2012-06-19 16:00:00,304.871
2012-06-19 17:00:00,299.211
2012-06-19 18:00:00,295.727
2012-06-19 19:00:00,294.081
2012-06-19 20:00:00,308.208
2012-06-19 21:00:00,271.358
2012-06-19 22:00:00,161.547
2012-06-19 23:00:00,168.051
2012-07-16 00:00:00,164.809
2012-07-16 01:00:00,198.675
2012-07-16 02:00:00,192.914
2012-07-16 03:00:00,155.171
2012-07-16 04:00:00,158.763
2012-07-16 05:00:00,161.714
2012-07-16 06:00:00,159.914
2012-07-16 07:00:00,215.525
2012-07-16 08:00:00,241.412
2012-07-16 09:00:00,271.716
2012-07-16 10:00:00,264.02
2012-07-16 11:00:00,314.627
2012-07-16 12:00:00,320.096
2012-07-16 13:00:00,335.419
2012-07-16 14:00:00,344.578
2012-07-16 15:00:00,339.446
2012-07-16 16:00:00,256.514
2012-07-16 17:00:00,256.514
2012-07-16 18:00:00,292.17
2012-07-16 19:00:00,270.688
2012-07-16 20:00:00,285.36
2012-07-16 21:00:00,250.985
2012-07-16 22:00:00,256.705
2012-07-16 23:00:00,196.952
2012-07-17 00:00:00,147.87
2012-07-17 01:00:00,204.589
2012-07-17 02:00:00,215.525
2012-07-17 03:00:00,216.966
2012-07-17 04:00:00,236.087
2012-07-17 05:00:00,185.847
2012-07-17 06:00:00,240.516
2012-07-17 07:00:00,204.718
2012-07-17 08:00:00,277.494
2012-07-17 09:00:00,329.489
2012-07-17 10:00:00,324.164
2012-07-17 11:00:00,312.014
2012-07-17 12:00:00,347.407
2012-07-17 13:00:00,369.439
2012-07-17 14:00:00,372.051
2012-07-17 15:00:00,367.084
2012-07-17 16:00:00,369.585
2012-07-17 17:00:00,354.762
2012-07-17 18:00:00,365.408
2012-07-17 19:00:00,367.446
2012-07-17 20:00:00,363.573
2012-07-17 21:00:00,304.243
2012-07-17 22:00:00,304.137
2012-07-17 23:00:00,287.484
2012-07-18 00:00:00,253.747
2012-07-18 01:00:00,241.543
2012-07-18 02:00:00,249.773
2012-07-18 03:00:00,249.773
2012-07-18 04:00:00,221.726
2012-07-18 05:00:00,223.765
2012-07-18 06:00:00,223.765
2012-07-18 07:00:00,252.559
2012-07-18 08:00:00,266.04
2012-07-18 09:00:00,276.689
2012-07-18 10:00:00,354.455
2012-07-18 11:00:00,329.36
2012-07-18 12:00:00,359.748
2012-07-18 13:00:00,352.071
2012-07-18 14:00:00,366.302
2012-07-18 15:00:00,370.548
2012-07-18 16:00:00,260.606
2012-07-18 17:00:00,236.411
2012-07-18 18:00:00,266.232
2012-07-18 19:00:00,260.12
2012-07-18 20:00:00,251.139
2012-07-18 21:00:00,242.538
2012-07-18 22:00:00,273.134
2012-07-18 23:00:00,273.134
2012-07-19 00:00:00,236.805
2012-07-19 01:00:00,236.805
2012-07-19 02:00:00,224.21
2012-07-19 03:00:00,214.797
2012-07-19 04:00:00,214.797
2012-07-19 05:00:00,214.726
2012-07-19 06:00:00,247.286
2012-07-19 07:00:00,295.022
2012-07-19 08:00:00,296.86
2012-07-19 09:00:00,299.604
2012-07-19 10:00:00,289.523
2012-07-19 11:00:00,291.106
2012-07-19 12:00:00,335.419
2012-07-19 13:00:00,323.992
2012-07-19 14:00:00,335.767
2012-07-19 15:00:00,323.388
2012-07-19 16:00:00,323.388
2012-07-19 17:00:00,330.551
2012-07-19 18:00:00,358.357
2012-07-19 19:00:00,354.988
2012-07-19 20:00:00,319.909
2012-07-19 21:00:00,135.063
2012-07-19 22:00:00,135.063
2012-07-19 23:00:00,131.929
2012-08-16 00:00:00,198.835
2012-08-16 01:00:00,179.083
2012-08-16 02:00:00,222.618
2012-08-16 03:00:00,204.476
2012-08-16 04:00:00,198.549
2012-08-16 05:00:00,160.969
2012-08-16 06:00:00,160.969
2012-08-16 07:00:00,224.265
2012-08-16 08:00:00,269.198
2012-08-16 09:00:00,275.13
2012-08-16 10:00:00,316.283
2012-08-16 11:00:00,354.307
2012-08-16 12:00:00,363.687
2012-08-16 13:00:00,372.61
2012-08-16 14:00:00,350.855
2012-08-16 15:00:00,372.088
2012-08-16 16:00:00,371.956
2012-08-16 17:00:00,366.863
2012-08-16 18:00:00,343.625
2012-08-16 19:00:00,347.236
2012-08-16 20:00:00,344.35
2012-08-16 21:00:00,323.459
2012-08-16 22:00:00,302.422
2012-08-16 23:00:00,270.544
2012-08-17 00:00:00,180.35
2012-08-17 01:00:00,161.57
2012-08-17 02:00:00,174.195
2012-08-17 03:00:00,158.053
2012-08-17 04:00:00,147.355
2012-08-17 05:00:00,150.895
2012-08-17 06:00:00,136.457
2012-08-17 07:00:00,150.895
2012-08-17 08:00:00,169.555
2012-08-17 09:00:00,182.419
2012-08-17 10:00:00,202.084
2012-08-17 11:00:00,206.339
2012-08-17 12:00:00,283.802
2012-08-17 13:00:00,295.31
2012-08-17 14:00:00,299.804
2012-08-17 15:00:00,299.165
2012-08-17 16:00:00,294.081
2012-08-17 17:00:00,295.038
2012-08-17 18:00:00,294.75
2012-08-17 19:00:00,199.728
2012-08-17 20:00:00,184.301
2012-08-17 21:00:00,170.041
2012-08-17 22:00:00,129.996
2012-08-17 23:00:00,125.332
2012-08-18 00:00:00,147.445
2012-08-18 01:00:00,116.5
2012-08-18 02:00:00,128.831
2012-08-18 03:00:00,132.576
2012-08-18 04:00:00,198.07
2012-08-18 05:00:00,173.513
2012-08-18 06:00:00,148.894
2012-08-18 07:00:00,148.894
2012-08-18 08:00:00,224.546
2012-08-18 09:00:00,248.52
2012-08-18 10:00:00,284.051
2012-08-18 11:00:00,278.53
2012-08-18 12:00:00,357.869
2012-08-18 13:00:00,351.473
2012-08-18 14:00:00,366.138
2012-08-18 15:00:00,362.42
2012-08-18 16:00:00,364.006
2012-08-18 17:00:00,362.42
2012-08-18 18:00:00,360.684
2012-08-18 19:00:00,327.952
2012-08-18 20:00:00,317.598
2012-08-18 21:00:00,229.578
2012-08-18 22:00:00,229.578
2012-08-18 23:00:00,220.446
2012-08-19 00:00:00,249.98
2012-08-19 01:00:00,209.537
2012-08-19 02:00:00,202.876
2012-08-19 03:00:00,251.005
2012-08-19 04:00:00,231.394
2012-08-19 05:00:00,182.399
2012-08-19 06:00:00,205.273
2012-08-19 07:00:00,212.727
2012-08-19 08:00:00,206.011
2012-08-19 09:00:00,174.123
2012-08-19 10:00:00,197.784
2012-08-19 11:00:00,170.408
2012-08-19 12:00:00,178.624
2012-08-19 13:00:00,134.422
2012-08-19 14:00:00,178.624
2012-08-19 15:00:00,209.671
2012-08-19 16:00:00,213.794
2012-08-19 17:00:00,159.321
2012-08-19 18:00:00,159.321
2012-08-19 19:00:00,189.113
2012-08-19 20:00:00,198.27
2012-08-19 21:00:00,156.776
2012-08-19 22:00:00,166.872
2012-08-19 23:00:00,176.711
2012-09-16 00:00:00,190.932
2012-09-16 01:00:00,190.932
2012-09-16 02:00:00,191.189
2012-09-16 03:00:00,169.468
2012-09-16 04:00:00,157.831
2012-09-16 05:00:00,157.831
2012-09-16 06:00:00,157.831
2012-09-16 07:00:00,148.129
2012-09-16 08:00:00,204.087
2012-09-16 09:00:00,226.041
2012-09-16 10:00:00,278.111
2012-09-16 11:00:00,309.709
2012-09-16 12:00:00,328.49
2012-09-16 13:00:00,339.922
2012-09-16 14:00:00,349.173
2012-09-16 15:00:00,339.922
2012-09-16 16:00:00,327.985
2012-09-16 17:00:00,318.348
2012-09-16 18:00:00,289.068
2012-09-16 19:00:00,284.164
2012-09-16 20:00:00,260.587
2012-09-16 21:00:00,251.166
2012-09-16 22:00:00,187.805
2012-09-16 23:00:00,183.082
2012-09-17 00:00:00,190.657
2012-09-17 01:00:00,170.235
2012-09-17 02:00:00,160.766
2012-09-17 03:00:00,146.486
2012-09-17 04:00:00,138.697
2012-09-17 05:00:00,129.631
2012-09-17 06:00:00,122.28
2012-09-17 07:00:00,140.323
2012-09-17 08:00:00,150.447
2012-09-17 09:00:00,197.953
2012-09-17 10:00:00,236.792
2012-09-17 11:00:00,221.1
2012-09-17 12:00:00,222.182
2012-09-17 13:00:00,241.808
2012-09-17 14:00:00,241.356
2012-09-17 15:00:00,241.356
2012-09-17 16:00:00,224.214
2012-09-17 17:00:00,243.651
2012-09-17 18:00:00,192.276
2012-09-17 19:00:00,181.858
2012-09-17 20:00:00,184.721
2012-09-17 21:00:00,145.417
2012-09-17 22:00:00,151.269
2012-09-17 23:00:00,119.84
2012-09-18 00:00:00,119.84
2012-09-18 01:00:00,117.789
2012-09-18 02:00:00,117.789
2012-09-18 03:00:00,125.672
2012-09-18 04:00:00,125.862
2012-09-18 05:00:00,139.692
2012-09-18 06:00:00,139.692
2012-09-18 07:00:00,143.051
2012-09-18 08:00:00,172.439
2012-09-18 09:00:00,173.477
2012-09-18 10:00:00,194.08
2012-09-18 11:00:00,193.839
2012-09-18 12:00:00,171.706
2012-09-18 13:00:00,219.257
2012-09-18 14:00:00,129.367
2012-09-18 15:00:00,138.038
2012-09-18 16:00:00,137.826
2012-09-18 17:00:00,132.715
2012-09-18 18:00:00,131.48
2012-09-18 19:00:00,137.925
2012-09-18 20:00:00,133.504
2012-09-18 21:00:00,133.504
2012-09-18 22:00:00,158.697
2012-09-18 23:00:00,147.715
2012-09-19 00:00:00,208.538
2012-09-19 01:00:00,200.237
2012-09-19 02:00:00,214.988
2012-09-19 03:00:00,207.628
2012-09-19 04:00:00,200.249
2012-09-19 05:00:00,197.791
2012-09-19 06:00:00,207.869
2012-09-19 07:00:00,204.459
2012-09-19 08:00:00,218.173
2012-09-19 09:00:00,223.77
2012-09-19 10:00:00,255.435
2012-09-19 11:00:00,328.873
2012-09-19 12:00:00,328.873
2012-09-19 13:00:00,338.139
2012-09-19 14:00:00,348.426
2012-09-19 15:00:00,330.158
2012-09-19 16:00:00,330.158
2012-09-19 17:00:00,345.704
2012-09-19 18:00:00,320.422
2012-09-19 19:00:00,309.898
2012-09-19 20:00:00,250.056
2012-09-19 21:00:00,207.038
2012-09-19 22:00:00,191.396
2012-09-19 23:00:00,175.079
2012-10-16 00:00:00,189.616
2012-10-16 01:00:00,171.581
2012-10-16 02:00:00,167.87
2012-10-16 03:00:00,160.297
2012-10-16 04:00:00,161.51
2012-10-16 05:00:00,172.183
2012-10-16 06:00:00,161.51
2012-10-16 07:00:00,160.446
2012-10-16 08:00:00,168.5
2012-10-16 09:00:00,203.72
2012-10-16 10:00:00,248.368
2012-10-16 11:00:00,262.13
2012-10-16 12:00:00,276.476
2012-10-16 13:00:00,278.535
2012-10-16 14:00:00,307.569
2012-10-16 15:00:00,305.965
2012-10-16 16:00:00,310.453
2012-10-16 17:00:00,298.905
2012-10-16 18:00:00,274.54
2012-10-16 19:00:00,224.525
2012-10-16 20:00:00,194.041
2012-10-16 21:00:00,171.582
2012-10-16 22:00:00,148.812
2012-10-16 23:00:00,135.538
2012-10-17 00:00:00,124.884
2012-10-17 01:00:00,124.884
2012-10-17 02:00:00,124.884
2012-10-17 03:00:00,104.245
2012-10-17 04:00:00,114.964
2012-10-17 05:00:00,116.73
2012-10-17 06:00:00,117.319
2012-10-17 07:00:00,114.398
2012-10-17 08:00:00,125.037
2012-10-17 09:00:00,128.291
2012-10-17 10:00:00,162.488
2012-10-17 11:00:00,230.417
2012-10-17 12:00:00,249.317
2012-10-17 13:00:00,254.69
2012-10-17 14:00:00,301.527
2012-10-17 15:00:00,314.553
2012-10-17 16:00:00,257.284
2012-10-17 17:00:00,228.973
2012-10-17 18:00:00,216.482
2012-10-17 19:00:00,173.049
2012-10-17 20:00:00,169.083
2012-10-17 21:00:00,138.696
2012-10-17 22:00:00,122.234
2012-10-17 23:00:00,122.124
2012-10-18 00:00:00,119.03
2012-10-18 01:00:00,141.436
2012-10-18 02:00:00,138.696
2012-10-18 03:00:00,121.019
2012-10-18 04:00:00,121.019
2012-10-18 05:00:00,138.688
2012-10-18 06:00:00,120.679
2012-10-18 07:00:00,118.894
2012-10-18 08:00:00,142.949
2012-10-18 09:00:00,156.201
2012-10-18 10:00:00,190.706
2012-10-18 11:00:00,243.069
2012-10-18 12:00:00,289.265
2012-10-18 13:00:00,291.029
2012-10-18 14:00:00,305.47
2012-10-18 15:00:00,251.776
2012-10-18 16:00:00,276.336
2012-10-18 17:00:00,230.547
2012-10-18 18:00:00,224.745
2012-10-18 19:00:00,211.464
2012-10-18 20:00:00,207.547
2012-10-18 21:00:00,160.037
2012-10-18 22:00:00,144.305
2012-10-18 23:00:00,122.678
2012-10-19 00:00:00,129.373
2012-10-19 01:00:00,117.729
2012-10-19 02:00:00,116.99
2012-10-19 03:00:00,119.735
2012-10-19 04:00:00,119.735
2012-10-19 05:00:00,116.99
2012-10-19 06:00:00,112.027
2012-10-19 07:00:00,108.05
2012-10-19 08:00:00,109.174
2012-10-19 09:00:00,109.174
2012-10-19 10:00:00,134.035
2012-10-19 11:00:00,145.542
2012-10-19 12:00:00,224.968
2012-10-19 13:00:00,198.587
2012-10-19 14:00:00,269.163
2012-10-19 15:00:00,242.849
2012-10-19 16:00:00,226.524
2012-10-19 17:00:00,226.524
2012-10-19 18:00:00,129.993
2012-10-19 19:00:00,127.062
2012-10-19 20:00:00,156.194
2012-10-19 21:00:00,139.08
2012-10-19 22:00:00,147.939
2012-10-19 23:00:00,117.804
2012-11-16 00:00:00,130.942
2012-11-16 01:00:00,125.303
2012-11-16 02:00:00,121.106
2012-11-16 03:00:00,130.34
2012-11-16 04:00:00,127.568
2012-11-16 05:00:00,125.303
2012-11-16 06:00:00,128.007
2012-11-16 07:00:00,131.747
2012-11-16 08:00:00,146.269
2012-11-16 09:00:00,162.184
2012-11-16 10:00:00,165.008
2012-11-16 11:00:00,203.286
2012-11-16 12:00:00,214.26
2012-11-16 13:00:00,241.823
2012-11-16 14:00:00,246.954
2012-11-16 15:00:00,237.525
2012-11-16 16:00:00,251.731
2012-11-16 17:00:00,182.58
2012-11-16 18:00:00,164.013
2012-11-16 19:00:00,182.181
2012-11-16 20:00:00,178.164
2012-11-16 21:00:00,168.834
2012-11-16 22:00:00,160.763
2012-11-16 23:00:00,157.429
2012-11-17 00:00:00,151.95
2012-11-17 01:00:00,128.296
2012-11-17 02:00:00,125.823
2012-11-17 03:00:00,125.823
2012-11-17 04:00:00,110.856
2012-11-17 05:00:00,112.44
2012-11-17 06:00:00,114.415
2012-11-17 07:00:00,110.856
2012-11-17 08:00:00,125.048
2012-11-17 09:00:00,167.98
2012-11-17 10:00:00,178.337
2012-11-17 11:00:00,202.726
2012-11-17 12:00:00,219.831
2012-11-17 13:00:00,241.494
2012-11-17 14:00:00,242.238
2012-11-17 15:00:00,249.857
2012-11-17 16:00:00,221.793
2012-11-17 17:00:00,209.79
2012-11-17 18:00:00,175.846
2012-11-17 19:00:00,159.045
2012-11-17 20:00:00,135.085
2012-11-17 21:00:00,144.641
2012-11-17 22:00:00,144.641
2012-11-17 23:00:00,119.594
2012-11-18 00:00:00,120.457
2012-11-18 01:00:00,124.716
2012-11-18 02:00:00,101.326
2012-11-18 03:00:00,108.456
2012-11-18 04:00:00,108.798
2012-11-18 05:00:00,100.74
2012-11-18 06:00:00,100.498
2012-11-18 07:00:00,105.228
2012-11-18 08:00:00,124.677
2012-11-18 09:00:00,133.425
2012-11-18 10:00:00,137.718
2012-11-18 11:00:00,166.909
2012-11-18 12:00:00,173.143
2012-11-18 13:00:00,171.969
2012-11-18 14:00:00,172.453
2012-11-18 15:00:00,191.594
2012-11-18 16:00:00,172.431
2012-11-18 17:00:00,161.767
2012-11-18 18:00:00,144.969
2012-11-18 19:00:00,144.604
2012-11-18 20:00:00,144.604
2012-11-18 21:00:00,141.756
2012-11-18 22:00:00,141.327
2012-11-18 23:00:00,144.969
2012-11-19 00:00:00,144.466
2012-11-19 01:00:00,144.571
2012-11-19 02:00:00,141.626
2012-11-19 03:00:00,144.571
2012-11-19 04:00:00,144.571
2012-11-19 05:00:00,144.571
2012-11-19 06:00:00,141.626
2012-11-19 07:00:00,148.506
2012-11-19 08:00:00,148.506
2012-11-19 09:00:00,141.626
2012-11-19 10:00:00,141.626
2012-11-19 11:00:00,161.49
2012-11-19 12:00:00,172.704
2012-11-19 13:00:00,196.427
2012-11-19 14:00:00,196.427
2012-11-19 15:00:00,199.523
2012-11-19 16:00:00,178.905
2012-11-19 17:00:00,179.51
2012-11-19 18:00:00,175.413
2012-11-19 19:00:00,176.766
2012-11-19 20:00:00,165.141
2012-11-19 21:00:00,181.284
2012-11-19 22:00:00,136.507
2012-11-19 23:00:00,136.507
2012-12-16 00:00:00,142.543
2012-12-16 01:00:00,120.267
2012-12-16 02:00:00,103.844
2012-12-16 03:00:00,105.505
2012-12-16 04:00:00,103.623
2012-12-16 05:00:00,103.623
2012-12-16 06:00:00,103.623
2012-12-16 07:00:00,103.844
2012-12-16 08:00:00,105.587
2012-12-16 09:00:00,105.587
2012-12-16 10:00:00,105.587
2012-12-16 11:00:00,105.587
2012-12-16 12:00:00,125.912
2012-12-16 13:00:00,136.713
2012-12-16 14:00:00,132.29
2012-12-16 15:00:00,118.73
2012-12-16 16:00:00,118.73
2012-12-16 17:00:00,118.73
2012-12-16 18:00:00,118.549
2012-12-16 19:00:00,95.212
2012-12-16 20:00:00,117.084
2012-12-16 21:00:00,98.838
2012-12-16 22:00:00,132.279
2012-12-16 23:00:00,95.41
2012-12-17 00:00:00,107.149
2012-12-17 01:00:00,106.953
2012-12-17 02:00:00,97.458
2012-12-17 03:00:00,98.495
2012-12-17 04:00:00,94.868
2012-12-17 05:00:00,107.149
2012-12-17 06:00:00,95.345
2012-12-17 07:00:00,95.345
2012-12-17 08:00:00,106.953
2012-12-17 09:00:00,108.165
2012-12-17 10:00:00,109.326
2012-12-17 11:00:00,111.844
2012-12-17 12:00:00,108.165
2012-12-17 13:00:00,112.894
2012-12-17 14:00:00,111.844
2012-12-17 15:00:00,110.473
2012-12-17 16:00:00,105.289
2012-12-17 17:00:00,105.411
2012-12-17 18:00:00,97.445
2012-12-17 19:00:00,114.045
2012-12-17 20:00:00,107.729
2012-12-17 21:00:00,100.249
2012-12-17 22:00:00,100.249
2012-12-17 23:00:00,106.742
2012-12-18 00:00:00,102.282
2012-12-18 01:00:00,102.282
2012-12-18 02:00:00,121.146
2012-12-18 03:00:00,117.904
2012-12-18 04:00:00,135.279
2012-12-18 05:00:00,109.629
2012-12-18 06:00:00,95.887
2012-12-18 07:00:00,95.059
2012-12-18 08:00:00,97.43
2012-12-18 09:00:00,111.262
2012-12-18 10:00:00,140.63
2012-12-18 11:00:00,201.383
2012-12-18 12:00:00,235.571
2012-12-18 13:00:00,280.388
2012-12-18 14:00:00,232.987
2012-12-18 15:00:00,241.999
2012-12-18 16:00:00,240.724
2012-12-18 17:00:00,208.17
2012-12-18 18:00:00,199.65
2012-12-18 19:00:00,198.235
2012-12-18 20:00:00,173.654
2012-12-18 21:00:00,173.706
2012-12-18 22:00:00,163.381
2012-12-18 23:00:00,171.729
2012-12-19 00:00:00,127.349
2012-12-19 01:00:00,125.524
2012-12-19 02:00:00,123.695
2012-12-19 03:00:00,103.628
2012-12-19 04:00:00,101.997
2012-12-19 05:00:00,105.562
2012-12-19 06:00:00,102.533
2012-12-19 07:00:00,103.628
2012-12-19 08:00:00,92.76
2012-12-19 09:00:00,106.826
2012-12-19 10:00:00,125.432
2012-12-19 11:00:00,186.31
2012-12-19 12:00:00,188.048
2012-12-19 13:00:00,199.726
2012-12-19 14:00:00,199.726
2012-12-19 15:00:00,201.341
2012-12-19 16:00:00,206.931
2012-12-19 17:00:00,201.201
2012-12-19 18:00:00,190.952
2012-12-19 19:00:00,193.515
2012-12-19 20:00:00,163.048
2012-12-19 21:00:00,145.402
2012-12-19 22:00:00,137.787
2012-12-19 23:00:00,134.57
