season,holiday,workingday,weather,temp,atemp,humidity,windspeed,Actual_Count,Predicted_Count
3,0,1,1,33.62,40.15,59,0,127,233.0859476
1,1,0,1,4.1,6.82,54,6.0032,13,29.8845806
4,0,0,1,9.84,11.365,48,12.998,163,97.18837457
3,0,1,2,29.52,34.09,62,12.998,233,191.8714921
2,0,1,1,25.42,31.06,53,16.9979,222,156.1864054
4,0,0,1,13.94,17.425,53,7.0015,166,112.2637167
4,0,1,2,13.94,15.15,42,19.9995,144,151.6041088
3,0,0,1,34.44,40.15,53,19.9995,376,353.8652302
4,0,1,2,10.66,12.12,60,19.0012,601,78.10433366
1,0,0,2,14.76,17.425,81,15.0013,53,34.51199106
4,0,0,1,9.84,14.395,87,0,6,35.65658165
2,0,1,1,22.14,25.76,77,15.0013,14,60.36516484
3,0,1,1,30.34,34.09,62,11.0014,209,169.5419459
3,0,0,3,26.24,28.79,89,15.0013,62,86.60038352
2,0,1,1,27.88,31.82,34,22.0028,139,285.1750991
3,0,0,1,24.6,28.03,83,8.9981,9,74.40736958
3,0,0,1,22.14,25.76,77,19.0012,96,83.54504944
1,0,1,2,15.58,19.695,25,7.0015,98,151.4921235
3,0,0,1,26.24,29.545,78,6.0032,230,90.48674368
3,0,0,1,26.24,30.305,69,15.0013,12,128.9342106
2,0,1,2,16.4,20.455,94,19.9995,54,32.99992167
2,0,1,2,22.14,25.76,64,12.998,107,94.38994317
4,0,1,2,10.66,12.12,56,16.9979,8,85.67057486
2,0,0,1,29.52,34.09,66,0,182,125.1102864
2,0,1,1,14.76,16.665,50,26.0027,11,83.37883058
2,0,1,1,12.3,14.395,61,15.0013,1,50.03235654
2,0,0,2,22.14,25.76,83,19.0012,93,64.99376987
3,0,1,2,24.6,27.275,88,12.998,17,65.61976662
1,0,1,1,6.56,6.82,43,23.9994,39,47.50481239
3,1,0,2,27.06,31.06,74,8.9981,11,112.2571189
3,1,0,1,35.26,40.15,47,15.0013,432,360.1263509
1,0,1,1,13.94,17.425,49,7.0015,119,62.60910662
3,0,1,1,29.52,33.335,58,7.0015,226,175.5489142
3,0,1,2,32.8,37.88,55,0,661,257.3952176
3,1,0,2,28.7,32.575,70,11.0014,244,138.2291318
2,1,0,1,15.58,19.695,82,6.0032,3,34.58076318
4,0,0,2,18.04,21.97,77,12.998,96,88.07482188
3,1,0,2,31.16,35.605,62,19.9995,543,217.3984382
1,0,1,1,24.6,30.305,64,11.0014,223,86.8702078
4,0,1,1,13.12,16.665,42,7.0015,550,131.9945335
1,0,1,1,18.04,21.97,62,32.9975,132,69.37511872
3,0,1,1,35.26,39.395,44,23.9994,186,409.2879343
4,0,0,1,8.2,10.605,59,8.9981,3,66.82678156
2,0,1,1,13.94,15.91,61,15.0013,296,54.41403008
1,0,1,2,13.94,15.15,76,19.9995,194,33.18782651
1,0,0,2,16.4,20.455,94,7.0015,6,26.79025323
1,0,1,2,9.02,12.12,93,7.0015,5,15.88282533
3,0,1,1,27.06,31.06,61,7.0015,404,142.6827281
2,0,1,2,29.52,33.335,54,23.9994,145,204.8177276
1,0,0,2,12.3,15.91,42,7.0015,26,85.38871443
1,0,0,1,9.84,10.605,41,19.0012,104,65.11293684
4,0,1,1,14.76,16.665,40,16.9979,222,151.6936559
1,0,1,2,9.84,14.395,70,0,513,31.59088062
4,0,0,1,14.76,16.665,66,16.9979,110,82.40633953
3,0,1,1,27.06,31.06,34,22.0028,871,333.7744676
3,0,0,2,27.06,29.545,89,7.0015,275,75.86845707
3,0,1,2,24.6,28.03,83,16.9979,124,80.62835695
1,0,1,2,6.56,11.365,69,0,2,27.44114024
2,0,1,1,19.68,23.485,82,16.9979,184,47.21724561
1,0,1,1,16.4,20.455,43,11.0014,234,89.65960101
3,0,0,1,31.98,37.88,66,19.0012,410,217.7155442
2,0,0,1,20.5,24.24,55,16.9979,573,112.3474211
2,0,1,1,26.24,30.305,65,11.0014,367,103.818557
2,0,1,1,13.94,18.18,57,0,604,60.53779466
3,1,0,2,28.7,33.335,84,7.0015,127,95.32939425
4,0,1,1,15.58,19.695,54,12.998,417,117.9482858
2,0,1,1,14.76,17.425,46,12.998,30,87.18104365
1,0,0,1,5.74,7.575,50,8.9981,3,39.74288433
3,0,1,3,22.14,25.76,94,16.9979,5,58.96997067
4,0,1,1,16.4,20.455,40,15.0013,154,182.6022875
1,0,1,1,4.1,6.06,54,8.9981,1,29.85366144
2,0,1,2,30.34,35.605,79,16.9979,256,111.0185968
1,0,1,1,4.1,6.82,54,7.0015,1,30.56000997
1,0,0,1,6.56,6.06,40,30.0026,138,57.0679776
4,0,1,2,16.4,20.455,76,11.0014,412,74.56411321
1,0,1,2,23.78,27.275,60,23.9994,330,102.2367664
4,0,0,2,13.12,16.665,57,7.0015,139,107.9077187
1,0,1,1,16.4,20.455,66,12.998,36,48.86205797
3,0,0,2,27.88,31.82,89,11.0014,57,88.31131483
4,0,0,1,11.48,12.88,36,22.0028,185,157.0883154
2,0,1,2,32.8,35.605,41,23.9994,800,331.2483239
1,0,1,1,9.84,10.605,52,23.9994,419,45.78470187
4,0,1,1,22.14,25.76,49,6.0032,189,178.8159355
3,0,1,1,23.78,27.275,68,8.9981,299,97.51818063
4,0,0,1,17.22,21.21,62,12.998,296,113.4566501
1,0,1,2,18.86,22.725,55,0,17,75.23842725
3,0,1,2,36.9,40.91,35,0,254,524.8009117
3,0,1,1,28.7,31.82,45,15.0013,394,245.2351947
4,0,1,2,18.04,21.97,88,15.0013,7,60.48010191
4,0,0,1,12.3,15.91,61,6.0032,175,82.46437845
3,0,1,1,22.96,26.515,68,7.0015,127,92.0318321
2,0,1,3,19.68,23.485,88,26.0027,226,53.79791925
4,0,0,2,10.66,13.635,65,7.0015,3,73.67477523
1,0,0,1,15.58,19.695,62,0,82,51.73903533
1,0,1,1,4.1,6.82,54,6.0032,3,30.31954663
3,0,1,1,26.24,31.06,44,26.0027,332,262.0160719
3,0,1,1,29.52,34.09,70,11.0014,162,136.1213913
1,0,1,1,8.2,12.88,47,0,139,48.46723353
4,0,1,2,14.76,17.425,66,8.9981,220,81.82108372
1,0,0,1,4.92,6.82,93,12.998,2,12.27832683
4,0,1,2,15.58,19.695,94,7.0015,27,42.54147539
4,0,1,1,20.5,24.24,42,11.0014,838,206.6965906
4,0,1,2,18.86,22.725,88,0,6,56.00574412
2,0,1,1,27.06,31.06,41,16.9979,759,217.4220799
3,0,1,1,28.7,32.575,54,19.0012,478,206.24902
1,0,1,3,13.94,16.665,87,12.998,98,28.15900064
3,0,0,2,21.32,25,67,15.0013,372,113.6662854
1,0,1,1,18.86,22.725,63,15.0013,210,61.06201662
1,0,1,3,6.56,7.575,93,12.998,32,14.59154732
2,0,0,1,18.86,22.725,38,26.0027,354,175.7819363
2,0,0,2,18.86,22.725,82,0,23,48.56239328
1,0,1,1,15.58,19.695,37,0,94,92.69681961
2,0,1,1,21.32,25,94,7.0015,38,34.28334504
3,0,1,1,31.98,35.605,52,19.0012,193,257.5326738
2,0,0,1,25.42,30.305,17,23.9994,486,462.3068782
1,0,0,2,14.76,16.665,66,19.9995,93,51.82434701
1,0,1,3,14.76,17.425,0,15.0013,28,314.7261603
4,0,1,2,21.32,25,59,19.0012,287,161.9298501
1,0,0,2,13.94,15.15,39,23.9994,74,102.4746259
1,0,1,1,4.1,5.305,36,15.0013,7,49.02392304
2,0,1,2,14.76,16.665,63,27.9993,56,66.55394824
3,0,0,1,25.42,29.545,73,11.0014,21,107.4718905
1,0,0,2,18.04,21.97,88,8.9981,18,34.82250886
4,0,1,1,13.12,15.91,49,11.0014,161,108.4113121
3,0,1,1,32.8,35.605,36,0,832,342.7404122
1,0,1,1,6.56,6.82,50,19.0012,153,37.77797047
1,0,1,1,4.92,6.06,74,15.0013,140,18.26800431
1,0,1,1,10.66,10.605,33,39.0007,138,86.49445639
3,0,1,1,30.34,34.09,58,19.0012,473,201.2846585
1,0,1,2,13.12,17.425,57,0,151,53.13312307
2,0,1,1,22.96,26.515,78,11.0014,547,59.3545356
1,0,1,1,9.84,11.365,48,15.0013,2,49.4146655
3,0,1,1,29.52,34.85,79,0,138,101.6935719
4,0,1,1,13.94,15.15,46,22.0028,115,123.7126843
1,0,1,1,24.6,30.305,64,16.9979,282,91.0916602
3,0,1,1,22.14,25.76,68,6.0032,750,87.56555222
4,0,1,1,11.48,15.91,61,0,173,71.3849129
4,0,1,1,22.96,26.515,64,16.9979,15,135.5066512
3,0,1,2,25.42,25.76,100,16.9979,69,45.39446595
1,0,1,1,13.12,15.91,39,12.998,224,79.37005666
1,0,1,1,18.86,22.725,28,27.9993,82,174.6025379
4,0,0,1,10.66,12.88,65,12.998,71,66.50907016
4,0,1,1,22.96,26.515,56,26.0027,133,180.712873
2,0,0,1,27.88,31.82,41,7.0015,603,230.1422465
3,1,0,1,30.34,34.85,70,8.9981,498,137.7374963
3,0,1,1,22.96,26.515,43,15.0013,611,192.9468212
1,0,1,2,23.78,27.275,49,31.0009,54,145.5565805
4,0,0,2,13.94,17.425,87,6.0032,27,49.55631753
4,0,1,1,12.3,15.91,56,6.0032,165,85.96212373
3,0,1,2,21.32,25,72,7.0015,10,84.83541216
1,0,1,1,10.66,12.88,48,11.0014,35,51.91598924
2,0,1,1,25.42,31.06,41,12.998,483,209.4211337
4,0,1,2,13.94,17.425,66,7.0015,175,80.30362871
1,0,1,1,9.02,9.85,37,22.0028,57,64.87675892
4,0,1,1,14.76,17.425,46,8.9981,418,125.872482
2,0,1,2,26.24,29.545,78,7.0015,272,75.9919853
3,0,0,1,30.34,34.85,70,19.0012,153,166.1366228
4,0,1,2,11.48,12.88,56,19.9995,178,91.50251216
2,0,1,1,25.42,28.03,88,0,21,45.26595567
4,0,0,1,17.22,21.21,50,16.9979,171,162.0688657
1,0,0,1,17.22,21.21,14,19.9995,7,241.8259957
4,0,0,1,13.12,17.425,81,0,44,49.6159488
3,0,1,1,31.16,34.09,48,8.9981,872,244.514756
1,0,0,1,13.94,14.395,31,36.9974,263,121.4289594
4,0,1,1,21.32,25,68,15.0013,261,110.0520026
4,0,1,1,16.4,20.455,87,6.0032,308,47.62659447
2,0,0,1,29.52,33.335,58,7.0015,550,157.9542753
3,0,1,2,22.14,25.76,68,11.0014,215,101.7771889
2,0,1,1,24.6,31.06,40,26.0027,124,237.7960673
1,0,0,1,5.74,7.575,50,8.9981,4,39.74288433
2,0,1,2,21.32,25,77,0,168,57.42310962
1,0,0,1,9.84,12.12,70,8.9981,42,29.65957633
1,0,1,1,11.48,13.635,52,15.0013,89,50.13951743
3,0,0,1,30.34,33.335,42,12.998,505,312.7517053
2,0,1,1,18.86,22.725,82,0,8,39.57302014
4,0,1,1,12.3,16.665,87,0,4,36.8139937
4,0,1,1,13.94,15.91,53,16.9979,265,102.3080214
2,0,0,2,19.68,23.485,82,16.9979,196,57.94307442
4,0,1,1,13.12,15.91,66,11.0014,10,68.41474372
1,0,0,1,18.86,22.725,19,22.0028,154,233.3705667
4,0,0,1,22.96,26.515,52,19.9995,494,210.9405887
1,0,1,2,9.84,12.88,60,7.0015,155,40.48584516
2,0,1,1,18.86,22.725,67,6.0032,5,62.29229029
3,0,0,1,28.7,32.575,70,7.0015,35,133.5824608
2,0,1,3,22.96,26.515,83,27.9993,153,74.01987769
4,0,1,1,16.4,20.455,47,30.0026,572,170.1132447
1,0,1,2,11.48,12.88,65,19.0012,138,39.10905021
4,0,1,1,16.4,20.455,43,23.9994,294,180.7792157
3,0,1,2,28.7,33.335,84,7.0015,482,96.71690071
2,0,1,2,22.14,25.76,64,6.0032,103,89.3073451
1,0,1,1,17.22,21.21,41,15.0013,171,101.8679452
4,0,0,1,13.12,15.15,87,19.0012,7,43.59324958
3,0,1,1,25.42,28.79,83,6.0032,11,68.99995979
1,1,0,1,9.84,11.365,38,15.0013,93,63.85327875
1,0,1,1,12.3,15.91,28,6.0032,89,100.8585762
1,0,1,1,18.86,22.725,77,16.9979,286,42.46085041
3,0,0,1,31.16,34.09,45,19.0012,428,315.2997258
4,0,1,2,15.58,19.695,46,19.9995,231,172.9719577
1,0,0,1,26.24,31.06,53,8.9981,679,132.2977895
4,0,1,1,22.96,26.515,60,6.0032,465,138.4257991
1,0,1,1,7.38,8.335,51,19.0012,1,39.8721623
1,0,1,1,10.66,10.605,33,30.0026,346,80.54992221
3,0,1,1,31.98,37.12,59,15.0013,323,223.1963636
4,0,1,1,12.3,16.665,87,0,28,36.8139937
4,0,1,2,13.12,15.15,70,15.0013,6,68.07340257
3,0,1,1,35.26,39.395,41,16.9979,160,419.9989793
2,0,0,1,13.12,15.91,33,11.0014,2,123.2380991
3,0,0,3,29.52,34.85,74,19.9995,326,187.0108993
2,0,1,1,29.52,33.335,51,19.0012,438,191.1310506
1,0,0,1,7.38,8.335,43,16.9979,69,53.53381375
1,0,1,3,13.12,14.395,70,32.9975,3,46.36348478
3,0,0,2,28.7,33.335,84,22.0028,120,119.6236351
4,0,1,1,25.42,31.06,46,30.0026,185,311.8261347
4,0,1,2,18.86,22.725,94,15.0013,204,53.60740374
1,0,1,1,4.92,5.305,42,23.9994,122,44.87846166
2,0,0,1,25.42,29.545,73,19.0012,456,93.79070319
2,0,1,1,22.96,26.515,83,0,440,47.51653028
4,0,0,1,18.04,21.97,62,12.998,23,118.3357321
1,0,1,2,18.04,21.97,94,0,126,25.09657682
1,0,1,2,7.38,9.85,93,11.0014,83,14.49801343
4,0,0,2,16.4,20.455,87,8.9981,118,59.84705442
4,0,0,2,16.4,20.455,87,15.0013,486,62.75864559
2,0,0,1,17.22,21.21,77,7.0015,50,48.36853876
2,0,0,1,24.6,31.06,35,19.0012,436,282.9470893
1,0,1,1,23.78,27.275,21,32.9975,72,282.5148586
4,0,1,2,13.12,14.395,53,23.9994,465,111.4089279
4,1,0,1,20.5,24.24,94,0,53,45.678838
2,0,1,1,28.7,31.82,42,16.9979,264,221.3593052
4,0,1,1,18.04,21.97,67,15.0013,5,95.59570286
1,0,1,1,24.6,31.06,49,11.0014,351,135.5753359
1,0,1,1,18.04,21.97,38,16.9979,138,117.0754761
3,0,1,1,31.98,34.85,43,7.0015,128,287.4291968
4,0,1,1,14.76,16.665,43,19.0012,186,142.0925004
3,0,0,1,25.42,31.06,50,7.0015,490,209.873839
3,0,1,3,26.24,28.79,83,15.0013,84,92.75148034
1,0,1,3,19.68,23.485,82,6.0032,258,44.25566305
4,0,0,1,12.3,13.635,52,22.0028,31,106.2070295
3,0,1,1,22.14,25.76,52,0,93,128.785544
2,0,0,1,27.06,31.06,74,15.0013,220,96.18630856
3,0,1,1,20.5,24.24,72,8.9981,180,73.96267571
4,0,1,1,15.58,19.695,46,22.0028,525,157.296881
4,0,1,3,13.94,15.15,71,22.0028,22,78.46706595
4,0,0,1,19.68,23.485,36,16.9979,95,268.5897925
4,0,1,1,12.3,14.395,42,19.0012,169,128.7352625
4,0,0,2,21.32,25,94,0,152,59.31675936
4,0,1,1,9.02,11.365,55,12.998,2,72.98996058
1,0,1,1,13.94,15.91,19,16.9979,98,141.2137904
3,0,1,1,28.7,32.575,61,0,152,146.8147761
1,0,0,1,6.56,6.06,40,31.0009,96,57.52058187
4,0,1,1,6.56,9.09,80,7.0015,64,31.18187978
3,0,1,1,28.7,12.12,58,7.0015,378,58.62678485
1,0,1,1,18.86,22.725,63,6.0032,97,56.86538645
2,0,1,2,28.7,32.575,58,15.0013,80,164.1032937
1,0,1,2,14.76,17.425,71,12.998,276,40.54409392
2,0,0,1,27.88,31.82,79,6.0032,13,81.59707945
1,0,1,1,16.4,20.455,66,12.998,123,48.86205797
2,0,1,3,20.5,24.24,39,12.998,576,190.7661112
3,0,1,2,27.88,31.82,89,7.0015,493,77.89498129
2,0,0,1,25.42,31.06,43,8.9981,224,211.1127408
1,0,0,1,6.56,7.575,47,15.0013,165,45.33561474
4,0,0,1,9.84,12.88,87,6.0032,13,34.58179358
4,0,1,2,18.86,22.725,88,0,11,56.00574412
4,0,0,1,22.96,26.515,73,26.0027,125,125.2635997
2,0,1,2,22.96,26.515,83,12.998,64,58.83750395
4,0,1,1,13.94,15.15,49,22.0028,142,114.0599997
3,1,0,1,37.72,42.425,35,16.9979,389,574.3621501
3,0,0,1,31.16,33.335,37,19.0012,598,376.6174069
3,0,1,1,27.06,31.06,69,19.9995,46,127.3381185
3,0,1,1,33.62,40.15,59,8.9981,225,250.2875457
2,0,1,1,22.14,25.76,60,0,234,84.94882118
2,0,0,2,14.76,18.94,87,0,201,34.3878312
1,0,1,1,4.92,6.06,50,15.0013,77,34.98952267
4,0,1,1,13.12,15.15,70,16.9979,155,61.90116804
2,0,0,1,27.06,30.305,83,7.0015,140,68.05699942
2,0,1,1,25.42,31.06,38,19.0012,174,238.1947323
1,0,1,2,14.76,16.665,40,16.9979,173,93.15909101
2,0,0,3,20.5,24.24,94,0,88,42.63602921
2,0,1,1,21.32,25,77,23.9994,49,62.1474901
3,0,1,1,28.7,32.575,61,11.0014,539,160.1686511
4,0,1,1,10.66,12.88,48,11.0014,30,94.44598528
1,0,1,2,17.22,21.21,77,0,137,38.12882646
3,0,0,1,28.7,32.575,54,15.0013,222,219.4857897
1,0,1,1,8.2,9.09,75,19.0012,18,21.70685295
4,0,0,1,13.12,16.665,76,6.0032,122,57.28435901
2,0,0,1,29.52,32.575,34,11.0014,617,300.2665902
1,0,1,1,5.74,6.82,46,15.0013,9,40.66915183
2,0,1,2,18.04,21.97,67,19.0012,108,73.97242064
1,0,1,1,9.02,12.12,69,7.0015,4,27.22917482
3,1,0,3,27.88,31.82,74,11.0014,152,132.8998932
4,0,1,2,22.96,26.515,68,15.0013,10,133.7205257
4,0,0,1,9.84,12.12,65,11.0014,9,62.76728645
1,0,1,1,21.32,25,8,19.0012,77,317.0144387
2,0,0,1,16.4,20.455,43,7.0015,36,116.4766233
2,0,0,1,16.4,20.455,82,6.0032,10,40.19358558
3,0,1,1,27.06,30.305,83,7.0015,719,75.63791692
2,0,0,2,16.4,20.455,71,7.0015,360,60.96644886
4,0,0,1,13.94,15.91,49,15.0013,248,123.2678877
4,0,1,1,26.24,31.06,44,0,419,260.3716565
3,0,0,1,29.52,34.85,74,6.0032,90,134.1177991
3,0,1,2,29.52,34.85,79,8.9981,5,121.9991605
1,0,1,2,9.02,11.365,80,11.0014,28,22.42085529
4,0,0,1,10.66,15.15,81,0,69,43.73966192
1,0,1,2,8.2,11.365,44,7.0015,32,57.41268854
3,0,1,2,28.7,33.335,74,0,402,119.9619952
4,0,1,1,9.84,12.12,60,11.0014,8,65.42957511
3,0,0,1,32.8,36.365,46,19.9995,367,349.8416338
3,0,1,2,29.52,34.85,79,7.0015,191,120.086798
1,0,0,1,18.04,21.97,16,40.9973,155,282.1175097
2,0,1,1,25.42,29.545,78,0,246,64.16490384
4,0,0,1,22.14,25.76,77,15.0013,56,98.81024964
3,0,1,1,21.32,25,72,6.0032,11,75.33663074
2,0,0,1,21.32,25,72,7.0015,23,68.32351793
1,0,1,2,15.58,19.695,76,19.9995,12,42.19730279
3,0,1,1,30.34,35.605,74,8.9981,241,130.3743266
4,0,1,1,22.96,26.515,60,16.9979,208,151.008629
2,0,0,1,26.24,31.06,53,7.0015,206,158.9712052
2,0,0,1,27.88,31.82,34,19.0012,453,305.8841006
3,0,1,1,28.7,33.335,79,0,473,93.77823361
3,0,1,2,27.06,31.06,69,16.9979,121,138.9259033
4,0,0,1,16.4,20.455,76,7.0015,57,71.02384485
3,0,0,1,31.16,36.365,66,6.0032,503,181.1459613
3,0,0,3,25.42,27.275,94,11.0014,92,67.57417338
4,0,1,2,13.12,15.15,49,15.0013,172,120.2108055
2,0,1,1,31.16,35.605,62,11.0014,276,150.6056141
4,0,0,1,12.3,16.665,26,0,266,210.9362382
3,0,1,1,32.8,37.12,52,19.0012,730,279.269682
2,0,0,1,25.42,31.06,57,16.9979,428,153.9440016
4,0,1,2,14.76,18.18,62,7.0015,268,93.31475297
2,0,1,1,20.5,24.24,82,11.0014,526,46.9533821
3,0,1,1,24.6,28.79,78,7.0015,51,79.39855277
2,0,0,1,26.24,30.305,73,8.9981,116,90.37925872
4,0,1,1,9.02,11.365,69,12.998,6,49.9596166
4,0,1,1,16.4,20.455,66,8.9981,182,86.12077764
4,0,0,1,18.04,21.97,67,8.9981,417,100.1309374
1,0,1,1,19.68,23.485,82,7.0015,23,35.7370958
4,0,1,1,13.12,17.425,39,0,270,140.8616282
3,0,0,1,32.8,36.365,46,16.9979,366,341.630079
1,0,0,2,8.2,9.09,59,23.9994,98,42.74047325
3,0,1,1,27.06,31.06,61,16.9979,25,154.4277491
2,0,1,1,25.42,31.06,50,7.0015,175,156.5201146
1,0,1,1,10.66,13.635,52,8.9981,4,47.67392264
4,0,1,2,22.96,26.515,56,15.0013,268,185.0638239
3,0,0,1,27.06,31.06,61,0,338,148.2758858
3,0,1,1,25.42,29.545,78,6.0032,195,82.1402057
2,0,1,1,20.5,24.24,34,22.0028,395,187.9180323
2,0,1,1,18.86,22.725,77,7.0015,34,47.89191546
1,0,1,2,12.3,16.665,70,0,2,35.82577996
4,0,1,2,13.12,15.15,45,16.9979,295,136.0962744
4,1,0,1,17.22,21.21,82,11.0014,540,58.30776403
4,0,0,1,15.58,19.695,46,0,305,145.1661314
4,0,0,1,24.6,31.06,35,31.0009,394,463.658987
2,0,1,1,24.6,30.305,26,7.0015,202,287.5034638
3,0,1,3,26.24,28.79,89,7.0015,133,74.00597115
1,0,1,1,22.96,26.515,43,32.9975,612,149.2894137
1,0,1,2,9.02,13.635,93,0,3,16.2475979
2,0,1,1,24.6,28.03,83,0,250,51.67787581
2,0,1,2,26.24,30.305,65,15.0013,242,119.7185257
3,0,1,3,24.6,27.275,88,12.998,338,73.31196725
4,0,1,3,18.86,22.725,100,19.9995,110,52.96393047
2,0,1,1,18.04,21.97,26,8.9981,190,185.6626245
2,0,1,1,24.6,28.79,78,0,294,61.53519192
4,0,1,1,23.78,27.275,43,15.0013,948,245.6693796
3,0,1,1,19.68,23.485,77,11.0014,6,62.93928258
2,0,0,1,18.04,21.97,24,19.9995,495,234.8624061
1,0,1,1,19.68,23.485,88,12.998,5,31.85409605
3,0,1,1,26.24,30.305,65,16.9979,124,132.8954772
4,0,1,2,12.3,14.395,56,15.0013,4,95.37784439
3,0,0,1,31.16,37.12,72,11.0014,58,166.5518283
1,0,1,1,17.22,21.21,28,31.0009,178,164.4015885
2,0,1,1,23.78,27.275,88,0,5,43.28418311
3,0,1,1,28.7,33.335,79,16.9979,11,107.2797014
1,0,1,3,13.94,16.665,93,12.998,3,23.93621679
2,0,1,2,31.16,34.09,48,15.0013,202,234.6651468
4,0,1,2,15.58,19.695,82,16.9979,143,63.7220796
2,1,0,1,22.14,25.76,52,16.9979,180,118.954159
1,0,0,1,15.58,19.695,62,7.0015,38,54.68647094
3,0,1,3,33.62,37.88,46,8.9981,116,395.161737
1,0,1,1,18.04,21.97,72,19.0012,2,47.3697118
2,0,1,1,18.04,21.97,33,16.9979,280,163.6420188
2,0,1,1,21.32,25,36,30.0026,148,197.7999535
4,0,1,2,12.3,14.395,49,15.0013,6,115.284128
4,0,0,1,18.04,21.97,88,0,30,52.80549101
1,0,0,3,13.94,16.665,71,11.0014,76,46.9549046
1,0,1,2,13.12,16.665,70,7.0015,88,37.97744165
2,0,1,1,22.96,26.515,88,7.0015,6,43.86365846
3,0,1,1,30.34,33.335,51,12.998,399,223.1497479
2,0,1,1,27.06,31.06,24,22.0028,308,358.4499599
1,0,1,1,18.86,22.725,67,0,26,48.66044323
3,0,1,1,33.62,39.395,56,16.9979,152,278.1678635
4,0,1,1,7.38,12.12,74,0,3,40.69273473
1,0,0,1,13.94,17.425,46,6.0032,161,74.00282108
1,0,0,2,11.48,12.88,41,26.0027,3,86.96538944
4,0,1,2,17.22,21.21,82,15.0013,5,68.21632155
2,0,1,1,13.94,15.91,76,15.0013,6,36.2498799
1,0,1,1,20.5,24.24,68,31.0009,138,65.82856012
4,0,1,1,13.12,16.665,66,8.9981,20,70.01169791
2,0,1,1,29.52,34.09,66,7.0015,267,120.3909651
3,0,1,1,28.7,32.575,61,0,35,146.8147761
2,0,1,3,21.32,25,94,19.9995,9,47.42779148
3,0,1,1,25.42,29.545,73,7.0015,5,94.795564
2,0,1,3,20.5,24.24,82,19.0012,7,62.43665444
1,0,0,2,16.4,20.455,100,8.9981,86,23.13538163
4,0,1,2,22.96,26.515,73,0,31,103.7152706
2,0,0,3,21.32,25,100,7.0015,14,39.9542092
3,0,0,1,25.42,29.545,78,8.9981,113,92.38657044
3,0,1,1,27.06,30.305,78,12.998,7,90.8131535
1,1,0,1,10.66,11.365,35,27.9993,154,76.98424845
1,0,1,1,20.5,24.24,25,0,125,165.0319726
2,0,0,1,29.52,32.575,30,6.0032,730,321.640846
2,0,0,1,22.96,26.515,56,8.9981,148,116.4277055
4,0,1,1,6.56,9.09,86,8.9981,4,26.92787867
3,0,1,2,25.42,30.305,69,15.0013,252,130.7612863
3,0,1,1,31.98,34.85,46,12.998,631,277.8803097
4,0,1,1,9.84,12.12,75,8.9981,343,42.90275459
2,0,0,3,30.34,34.09,58,7.0015,317,205.5823175
1,0,1,1,9.02,13.635,80,0,4,20.67915149
1,0,1,1,16.4,20.455,62,16.9979,16,56.20294676
4,0,1,1,14.76,18.18,57,6.0032,60,94.88133139
1,0,0,1,20.5,24.24,77,7.0015,100,46.86572917
4,1,0,1,21.32,25,83,0,254,64.17474639
4,0,1,1,22.96,26.515,56,19.9995,173,172.3289762
3,0,1,1,33.62,35.605,32,15.0013,419,431.3490812
4,0,1,1,16.4,20.455,87,0,24,45.41703162
4,0,0,2,14.76,18.18,57,7.0015,163,117.357931
2,0,1,1,28.7,32.575,54,19.0012,298,168.9524282
2,0,0,1,31.16,34.09,40,7.0015,413,268.9422524
2,0,0,1,23.78,27.275,83,0,32,54.43664602
1,0,1,2,13.12,15.91,87,12.998,91,24.17146968
4,0,1,2,17.22,21.21,88,0,211,51.49589829
3,0,1,1,32.8,37.12,49,15.0013,552,293.466461
2,0,1,3,21.32,25,94,16.9979,22,46.31455659
4,0,1,2,10.66,15.15,87,0,467,37.81753279
1,0,0,1,11.48,14.395,65,7.0015,101,37.80786947
3,0,1,1,28.7,32.575,58,11.0014,443,173.7234246
2,0,1,1,25.42,28.79,83,22.0028,201,64.15139443
3,0,1,1,30.34,34.85,66,7.0015,47,153.2876962
1,0,0,3,8.2,11.365,100,6.0032,20,15.34270209
4,0,0,1,9.02,10.605,55,15.0013,1,78.32329688
3,0,1,2,22.96,26.515,68,11.0014,200,106.1266461
1,0,1,2,8.2,11.365,92,7.0015,62,15.64998983
4,0,1,1,16.4,20.455,66,6.0032,37,84.10379192
1,0,0,1,10.66,13.635,60,7.0015,191,41.5047402
4,0,1,1,24.6,31.06,46,19.0012,170,284.99437
2,0,1,2,17.22,21.21,77,7.0015,260,49.19743557
1,0,0,1,12.3,13.635,39,31.0009,120,89.1410585
4,0,0,1,11.48,15.91,87,0,10,38.77927086
1,0,1,2,18.86,22.725,82,12.998,24,40.14035972
2,0,1,2,21.32,25,55,8.9981,38,111.8758097
4,0,1,3,14.76,18.18,57,7.0015,331,119.3691064
3,0,0,1,22.96,26.515,52,7.0015,296,155.906194
1,0,0,2,18.86,22.725,72,19.0012,106,60.6143729
4,0,1,1,17.22,21.21,71,6.0032,129,76.59283153
2,0,1,1,25.42,31.06,38,27.9993,645,255.7733555
4,0,1,1,20.5,24.24,72,8.9981,114,90.29008668
4,0,1,1,7.38,10.605,80,6.0032,11,33.547716
3,0,1,2,28.7,33.335,79,12.998,332,116.1212142
2,0,0,2,22.14,25.76,83,15.0013,121,62.96881906
4,0,1,1,27.06,31.06,61,16.9979,365,188.5179886
2,0,0,1,18.04,21.97,38,19.0012,313,159.4919195
4,0,0,2,12.3,16.665,87,0,158,45.17662878
3,0,1,1,29.52,32.575,39,15.0013,400,300.8281785
4,0,1,1,8.2,11.365,69,7.0015,400,47.50538695
4,0,1,1,12.3,15.15,52,11.0014,102,95.83139088
1,0,0,1,5.74,6.06,43,19.9995,36,48.46923619
1,0,1,2,8.2,10.605,51,8.9981,51,46.40128206
4,0,1,2,20.5,24.24,72,19.0012,441,109.1835534
2,0,1,2,26.24,31.06,33,6.0032,180,275.7229629
4,0,0,2,14.76,17.425,87,8.9981,257,50.89321335
3,0,1,1,28.7,33.335,74,7.0015,11,113.4919503
2,0,1,3,21.32,25,94,16.9979,49,46.31455659
4,0,1,2,12.3,14.395,52,16.9979,202,107.9817178
2,0,1,1,17.22,21.21,38,26.0027,93,147.147747
2,0,0,2,27.06,31.06,36,12.998,576,295.9782458
3,0,0,2,18.86,22.725,72,15.0013,22,87.51537309
2,0,1,3,13.94,16.665,76,11.0014,1,45.57705765
1,0,1,2,9.02,11.365,87,11.0014,35,18.54941251
1,0,1,1,8.2,7.575,47,39.0007,55,50.19874435
4,0,1,1,25.42,28.79,83,12.998,114,89.02558562
1,0,1,1,9.84,11.365,65,15.0013,25,31.18393837
3,0,1,2,30.34,33.335,48,0,268,243.9765741
3,0,0,2,30.34,35.605,74,22.0028,153,177.3312672
3,0,0,1,26.24,30.305,69,15.0013,47,128.9342106
4,0,0,2,9.84,12.12,87,8.9981,144,38.04193565
4,0,1,2,15.58,19.695,66,16.9979,197,98.27760156
1,0,0,1,13.12,17.425,76,0,75,31.22772693
2,0,1,3,19.68,23.485,82,11.0014,36,56.20478311
1,0,1,1,7.38,7.575,43,22.0028,52,48.75846428
3,0,1,1,34.44,38.635,47,6.0032,292,313.7731923
4,0,1,2,15.58,19.695,94,11.0014,123,43.90952383
2,0,1,2,28.7,32.575,58,15.0013,269,164.1032937
4,0,1,2,16.4,20.455,58,19.9995,109,130.3581504
4,0,1,3,21.32,25,88,11.0014,75,77.43305492
3,0,1,2,32.8,39.395,63,15.0013,469,252.3452148
2,0,1,1,20.5,24.24,63,16.9979,121,82.36071531
4,0,1,2,20.5,24.24,45,19.0012,206,226.8219088
2,0,1,1,21.32,25,83,19.0012,272,50.77908808
3,0,1,1,27.88,31.82,83,8.9981,12,83.32831321
3,0,1,1,26.24,30.305,73,15.0013,312,105.3334526
2,0,1,1,25.42,29.545,78,7.0015,171,67.82020821
2,0,1,1,22.96,26.515,94,7.0015,13,37.2857706
1,0,1,1,7.38,8.335,51,16.9979,3,39.24507702
4,0,1,1,26.24,31.06,47,8.9981,232,257.7721478
2,0,1,3,13.12,15.15,93,16.9979,62,27.81235036
3,0,1,1,28.7,32.575,54,8.9981,210,190.5526231
3,0,1,1,27.06,31.06,57,15.0013,223,169.3966886
1,0,1,1,13.12,15.15,53,19.0012,3,54.78049788
2,0,1,2,18.86,22.725,55,0,153,91.84746297
3,1,0,1,27.88,31.82,79,6.0032,159,89.3852459
3,0,1,2,29.52,33.335,51,6.0032,673,235.1958027
2,0,1,2,27.06,29.545,89,6.0032,21,56.1361099
4,0,0,2,20.5,24.24,42,22.0028,310,276.7208925
1,0,1,1,9.02,9.85,37,26.0027,256,66.96306524
4,0,1,2,13.12,15.91,61,12.998,323,88.91047159
2,0,1,1,18.86,22.725,82,7.0015,10,41.82739013
3,0,1,2,27.88,31.82,54,7.0015,59,200.9645977
2,0,0,2,14.76,16.665,87,19.0012,33,35.54384919
2,0,1,1,16.4,20.455,37,26.0027,69,144.9906232
4,0,1,1,11.48,13.635,48,12.998,137,100.0504548
4,0,0,2,14.76,17.425,93,15.0013,70,45.36583689
1,0,1,1,28.7,31.82,28,6.0032,782,242.8452616
1,0,0,1,9.84,12.88,44,6.0032,45,60.90564281
2,0,1,1,27.88,31.06,26,19.0012,391,332.5531368
3,0,0,3,27.88,31.82,65,6.0032,5,181.6462711
3,0,1,1,32.8,37.88,55,0,286,230.3882264
4,0,1,1,12.3,14.395,45,15.0013,217,114.992755
4,0,0,1,15.58,19.695,62,19.0012,359,109.3958395
3,0,1,1,24.6,27.275,88,8.9981,8,56.90472248
2,0,1,1,18.86,22.725,31,27.9993,268,196.5156507
2,0,1,1,27.88,31.82,51,0,193,151.2067584
2,0,1,2,24.6,28.79,78,23.9994,186,83.12675557
2,0,1,1,27.06,31.06,47,16.9979,249,184.8170006
1,0,1,1,9.84,9.85,38,32.9975,65,69.0847297
3,0,1,1,34.44,39.395,49,8.9981,237,316.5228674
3,0,1,1,31.16,35.605,62,8.9981,296,180.9605946
3,0,1,1,19.68,23.485,82,0,164,50.38631499
3,0,1,2,22.96,26.515,68,11.0014,129,106.1266461
2,0,1,2,29.52,31.82,23,32.9975,386,470.9086268
3,0,0,1,35.26,39.395,41,7.0015,480,426.2407741
3,0,1,1,28.7,33.335,84,11.0014,342,89.35283962
2,0,1,1,27.88,31.82,69,11.0014,6,101.3196707
2,0,1,1,21.32,25,59,0,10,83.68193219
1,0,1,2,11.48,14.395,45,7.0015,153,66.09482601
2,0,1,1,32.8,34.09,24,23.9994,203,434.5256521
1,0,0,1,7.38,9.85,47,8.9981,61,48.75482991
2,0,0,1,17.22,21.21,26,8.9981,26,195.5236219
1,0,1,1,14.76,16.665,57,22.0028,197,54.74697754
1,0,1,1,8.2,7.575,80,39.0007,1,20.54013763
4,0,1,2,12.3,15.15,49,8.9981,75,114.2994775
4,0,1,2,16.4,20.455,87,0,3,50.74099019
2,0,0,1,23.78,27.275,83,15.0013,226,61.29785677
3,0,1,1,29.52,34.85,79,8.9981,463,109.1984943
4,0,1,1,24.6,28.79,78,22.0028,260,109.142519
2,0,1,1,25.42,31.06,50,19.9995,274,173.4760341
1,0,1,2,12.3,14.395,61,19.0012,156,47.26175828
1,0,1,3,13.94,16.665,87,8.9981,353,27.28167669
4,0,1,2,14.76,17.425,93,8.9981,108,39.38559864
3,0,1,2,27.06,31.06,69,12.998,492,134.5975174
1,0,1,2,9.02,10.605,55,15.0013,48,43.79132546
1,0,1,1,9.84,11.365,65,15.0013,441,31.18393837
3,0,1,3,22.14,25.76,88,19.0012,121,70.4818415
4,0,1,2,27.06,30.305,83,8.9981,177,104.8018104
2,0,0,1,25.42,31.06,33,19.9995,678,301.9430761
3,0,0,1,18.86,22.725,77,15.0013,112,68.4136429
3,0,1,2,32.8,35.605,36,15.0013,492,431.1808232
1,0,1,2,17.22,21.21,38,30.0026,145,138.9992743
1,0,1,1,11.48,11.365,41,46.0022,3,76.78095078
4,0,1,1,24.6,31.06,53,23.9994,240,245.296433
4,0,1,2,24.6,30.305,64,26.0027,737,198.8141776
2,0,1,1,29.52,32.575,32,30.0026,744,335.403048
2,0,1,3,25.42,29.545,78,23.9994,171,96.84005126
4,0,1,3,17.22,21.21,94,15.0013,30,55.06872645
2,0,1,1,21.32,25,34,23.9994,196,199.1205021
2,0,0,2,25.42,29.545,73,6.0032,251,94.54327798
1,0,1,1,12.3,15.91,52,6.0032,177,52.6581892
3,0,0,1,26.24,28.79,89,7.0015,27,65.12490033
4,0,1,2,15.58,19.695,43,22.0028,522,190.6080189
3,0,0,2,27.06,30.305,83,8.9981,121,94.29790033
3,0,1,2,21.32,25,72,11.0014,37,87.56354869
2,0,1,1,28.7,32.575,58,12.998,224,144.5747677
2,0,1,1,18.86,22.725,59,19.9995,226,86.42048904
3,0,0,1,34.44,37.88,41,19.0012,372,432.2172319
4,0,1,1,19.68,23.485,63,15.0013,269,115.8615826
1,0,0,1,9.02,11.365,69,8.9981,17,29.22477948
3,1,0,2,28.7,33.335,84,8.9981,229,96.84749915
2,0,1,1,18.86,22.725,44,11.0014,31,120.8086112
2,0,1,1,18.86,22.725,31,12.998,6,174.5191999
4,0,0,2,15.58,19.695,94,7.0015,160,46.7275748
3,0,0,1,37.72,41.665,33,19.9995,313,665.3352692
3,0,1,1,29.52,34.09,70,16.9979,177,142.7362019
3,0,0,1,27.88,31.82,79,12.998,271,105.2787249
2,0,1,1,22.96,26.515,60,15.0013,11,99.74365433
2,0,0,1,21.32,25,68,11.0014,21,78.58823799
1,0,0,2,11.48,12.12,93,30.0026,84,21.11252532
4,0,1,1,22.96,26.515,60,19.9995,10,154.6383318
3,0,1,1,25.42,28.79,83,11.0014,150,71.78369443
1,0,1,1,17.22,21.21,38,23.9994,240,118.6428466
1,0,1,1,12.3,15.15,62,6.0032,3,38.62296183
3,0,1,2,26.24,30.305,73,23.9994,209,126.3658317
1,0,1,1,9.84,12.88,75,7.0015,55,24.1411913
4,0,0,1,11.48,15.91,70,0,85,61.45037471
3,0,1,3,22.14,25.76,94,26.0027,106,63.32527514
4,0,0,1,25.42,31.06,46,22.0028,562,321.4999024
1,0,0,1,9.84,14.395,75,0,13,27.12568998
2,0,0,1,24.6,30.305,64,12.998,276,118.3370087
4,0,1,2,12.3,14.395,52,16.9979,16,107.9817178
2,0,1,1,14.76,17.425,66,12.998,3,50.72432813
4,0,1,2,19.68,23.485,77,6.0032,84,82.51111726
4,0,0,1,11.48,12.88,45,19.0012,228,120.2225399
1,0,1,2,6.56,11.365,93,0,116,14.32699934
4,0,1,3,22.14,25.76,94,8.9981,109,67.57188093
2,0,1,1,28.7,31.82,37,19.0012,416,257.5039088
3,0,1,2,24.6,30.305,60,11.0014,263,161.1785025
2,0,1,1,21.32,25,72,19.0012,463,68.39873434
2,0,0,1,27.06,31.06,39,11.0014,566,240.4236348
4,0,1,2,15.58,19.695,54,8.9981,267,127.6690556
2,0,0,1,13.12,15.15,61,19.9995,55,59.61596924
1,0,1,1,9.84,12.88,48,7.0015,54,50.15179412
4,0,1,3,14.76,18.94,100,0,5,36.65687616
4,0,0,1,10.66,12.88,60,12.998,87,76.15217577
1,0,0,1,12.3,16.665,81,0,52,26.14887371
2,0,1,3,20.5,24.24,82,12.998,5,59.54000156
3,0,1,1,27.88,31.82,74,12.998,96,109.7441458
2,0,0,2,29.52,34.09,62,8.9981,286,167.2620868
3,0,1,2,29.52,32.575,45,11.0014,371,276.7902566
4,0,1,1,18.86,22.725,36,15.0013,356,230.7710295
4,0,1,3,14.76,17.425,57,15.0013,75,122.3147393
4,0,1,1,13.12,15.15,53,15.0013,257,96.55219761
2,0,1,1,18.04,21.97,35,11.0014,66,147.8313339
4,0,1,1,9.84,11.365,65,15.0013,5,56.73007156
4,0,1,2,24.6,31.06,43,7.0015,244,314.0644626
4,0,0,1,15.58,19.695,54,16.9979,456,133.7206586
3,0,0,3,22.96,26.515,88,12.998,114,76.98057346
2,0,1,1,28.7,31.82,37,19.0012,315,257.5039088
3,0,1,1,31.16,34.85,52,16.9979,216,243.0937236
2,0,0,1,28.7,32.575,58,11.0014,385,156.311748
2,0,1,1,34.44,37.88,44,7.0015,212,270.2679357
4,0,1,3,17.22,21.21,94,15.0013,47,55.06872645
2,0,1,1,27.06,31.06,41,19.0012,196,220.8962018
1,0,1,1,16.4,20.455,43,19.0012,204,95.51886681
4,0,0,1,25.42,31.06,29,26.0027,443,525.8379445
1,0,1,2,9.02,13.635,93,0,20,16.2475979
4,0,1,3,15.58,19.695,76,7.0015,241,77.38163899
2,0,1,1,22.96,26.515,26,19.9995,297,260.5625745
3,0,0,1,27.06,31.06,85,8.9981,123,83.12789112
3,0,1,1,35.26,40.91,50,16.9979,141,355.9005151
2,0,0,3,27.88,31.82,83,19.0012,350,101.2938725
4,0,1,2,7.38,10.605,74,6.0032,220,44.09251568
4,0,0,1,6.56,11.365,69,0,72,49.08005297
2,0,1,1,31.16,33.335,29,19.9995,523,351.5809473
2,0,1,2,30.34,33.335,48,15.0013,394,225.0477127
4,0,1,1,18.04,21.97,88,19.9995,153,56.31826806
4,0,0,1,14.76,18.18,50,7.0015,271,126.9679971
4,0,0,1,17.22,21.21,41,12.998,382,200.3530716
2,0,1,2,27.88,31.82,89,15.0013,4,67.97893885
2,0,1,1,25.42,29.545,78,16.9979,174,73.40287249
3,0,0,1,27.06,31.06,65,8.9981,27,142.8737762
1,0,1,1,14.76,17.425,43,8.9981,150,75.04630118
4,0,0,2,12.3,15.91,61,6.0032,109,92.13116906
1,0,0,2,18.04,21.97,88,8.9981,503,34.82250886
2,0,1,1,19.68,23.485,94,0,26,29.82371119
4,0,1,2,16.4,20.455,76,7.0015,218,72.24098807
1,0,0,3,14.76,18.94,93,0,44,26.75197157
1,0,1,1,21.32,25,53,19.0012,117,93.72729471
2,0,0,1,13.12,15.91,36,11.0014,7,113.622444
4,0,0,1,9.84,12.88,70,6.0032,6,54.79897189
3,0,1,2,29.52,33.335,51,8.9981,229,240.8362925
4,0,1,1,28.7,32.575,48,0,424,254.8478461
4,0,1,3,22.96,26.515,60,16.9979,856,188.487324
2,0,1,2,32.8,36.365,43,19.0012,146,313.6704525
4,0,1,1,18.04,21.97,77,6.0032,18,67.90665564
4,0,0,2,16.4,20.455,76,19.9995,223,87.94551553
3,0,1,1,31.16,36.365,70,16.9979,275,161.4401437
1,0,1,1,9.02,11.365,51,11.0014,172,44.01090875
2,0,1,1,28.7,31.82,39,0,6,209.8761744
3,0,0,2,25.42,30.305,69,8.9981,41,136.9648402
1,0,0,2,20.5,24.24,77,6.0032,521,51.94751556
3,0,1,2,28.7,33.335,79,16.9979,500,119.8554393
1,0,1,1,9.02,11.365,47,11.0014,3,49.04576221
4,0,1,1,23.78,27.275,56,23.9994,113,185.5198707
1,0,1,1,7.38,8.335,51,19.0012,53,39.8721623
1,0,0,1,13.94,15.91,57,15.0013,324,54.56137195
2,0,1,1,27.06,30.305,78,11.0014,28,73.2250579
3,0,1,2,25.42,25.76,100,8.9981,57,42.60990359
2,0,0,1,25.42,31.06,57,0,40,134.5696936
1,0,1,1,15.58,19.695,76,22.0028,76,38.37329592
3,0,1,1,33.62,39.395,56,7.0015,211,257.0117733
1,0,1,2,18.04,21.97,72,15.0013,95,51.27371141
1,0,1,1,16.4,20.455,40,7.0015,385,94.21748044
1,0,1,2,5.74,9.09,69,6.0032,4,25.51667115
3,0,0,2,22.14,25.76,68,6.0032,147,107.4568676
3,0,0,2,28.7,33.335,84,22.0028,114,119.6236351
4,0,0,3,17.22,21.21,77,8.9981,306,91.40287167
3,0,1,1,31.16,34.09,45,8.9981,258,265.2075827
3,0,0,1,28.7,32.575,54,11.0014,480,212.6474738
2,0,0,1,22.96,26.515,43,12.998,267,170.8780435
2,0,0,2,18.04,21.97,77,8.9981,59,57.25991273
4,0,1,1,19.68,23.485,67,19.0012,126,107.3110598
1,0,1,1,22.96,26.515,22,30.0026,126,257.4558088
3,0,0,1,24.6,28.79,78,8.9981,26,88.60023164
2,0,1,1,24.6,31.06,46,19.0012,205,191.2411598
3,1,0,2,29.52,34.09,70,12.998,353,152.2834162
3,0,1,1,28.7,33.335,84,12.998,9,90.77576887
1,0,1,1,4.92,6.82,54,11.0014,86,31.63502276
3,0,1,1,27.88,31.82,57,16.9979,852,179.4950345
1,0,0,1,13.94,17.425,46,6.0032,182,74.00282108
4,0,0,1,14.76,18.18,66,6.0032,262,81.6768296
3,0,1,1,30.34,34.09,58,16.9979,5,198.1189751
4,0,0,2,12.3,14.395,52,16.9979,43,118.6071651
3,0,0,1,32.8,38.635,59,27.9993,364,294.651455
4,0,0,2,13.94,18.18,76,0,509,66.181548
1,0,1,2,13.12,15.15,57,19.9995,81,55.35486598
3,0,1,2,21.32,25,45,0,251,166.7413754
3,0,1,1,27.88,31.82,79,8.9981,4,92.86108265
3,0,0,3,27.06,29.545,89,19.0012,103,93.20516582
3,0,1,3,25.42,27.275,94,6.0032,328,59.13479283
3,0,1,2,32.8,39.395,63,8.9981,199,240.6380454
3,0,1,1,26.24,30.305,73,6.0032,195,98.09416427
2,0,0,1,14.76,16.665,32,16.9979,28,138.8530757
4,0,1,1,13.94,16.665,29,8.9981,209,191.2360421
2,0,1,2,21.32,25,68,19.0012,6,85.15877581
3,0,0,1,24.6,28.03,83,15.0013,64,78.02732786
1,0,1,2,11.48,12.88,57,23.9994,128,50.52851578
3,0,1,1,27.88,31.82,82,8.9981,24,85.61559489
1,0,0,1,6.56,9.09,64,8.9981,33,29.49896673
3,0,1,1,31.98,37.12,59,12.998,161,219.6860661
1,0,1,1,8.2,9.09,59,19.9995,46,33.7436658
3,0,1,1,33.62,38.635,52,8.9981,333,279.7939258
1,0,1,1,4.92,4.545,42,27.9993,111,44.54168848
3,0,1,1,26.24,30.305,65,7.0015,274,122.7880958
1,0,1,2,9.02,11.365,87,8.9981,74,18.25767856
3,0,1,2,27.06,30.305,78,12.998,681,101.4586195
2,0,1,3,24.6,28.79,78,16.9979,226,87.8657158
3,0,0,1,31.16,34.09,40,12.998,579,344.2660929
1,0,1,1,9.84,10.605,38,23.9994,78,66.89049702
3,0,1,1,31.16,34.09,45,27.9993,182,308.2379074
4,0,0,3,14.76,17.425,93,8.9981,229,48.33239727
2,0,1,2,14.76,16.665,71,19.0012,73,49.90779382
3,0,1,1,28.7,33.335,84,11.0014,632,89.35283962
3,0,1,1,21.32,25,72,6.0032,21,75.33663074
2,0,1,3,22.14,25.76,88,11.0014,164,54.19477617
1,0,0,1,12.3,14.395,56,16.9979,58,52.36573623
1,0,0,2,4.1,2.275,46,46.0022,14,50.16476356
3,0,0,2,32.8,37.88,55,15.0013,492,318.3575089
2,0,0,1,18.86,22.725,23,26.0027,590,263.8630417
1,0,1,1,18.86,22.725,88,7.0015,15,29.12537884
4,0,1,2,17.22,21.21,67,23.9994,167,109.9551982
2,0,1,1,18.86,22.725,44,19.0012,184,128.7034686
1,0,1,1,23.78,27.275,32,19.9995,361,189.2381954
2,0,0,1,22.96,26.515,64,0,239,87.30736608
1,1,0,3,10.66,11.365,70,19.9995,28,34.96067572
3,0,0,2,31.16,35.605,58,16.9979,162,263.6443156
1,0,0,2,13.94,15.91,46,15.0013,5,82.10859909
4,0,0,1,17.22,21.21,82,11.0014,541,64.9774433
4,0,1,1,13.94,17.425,61,6.0032,129,81.65177494
1,0,1,1,12.3,13.635,42,31.0009,93,74.82319158
3,0,1,1,26.24,30.305,69,11.0014,20,113.7264
4,0,1,2,18.86,22.725,82,7.0015,205,69.63953636
4,0,1,2,9.84,12.12,60,8.9981,191,71.94981631
4,0,1,1,20.5,24.24,63,19.9995,155,125.6870153
3,0,0,3,29.52,34.85,79,19.0012,137,162.0446474
4,0,1,2,18.86,22.725,94,12.998,414,52.76429889
2,0,1,2,17.22,21.21,77,15.0013,235,52.41249395
3,0,1,1,31.16,35.605,58,12.998,198,208.1475706
3,0,1,1,26.24,31.06,57,6.0032,176,157.2944098
3,0,0,2,30.34,34.85,70,12.998,314,177.00062
2,0,1,3,13.94,16.665,87,11.0014,113,33.83631944
1,0,1,1,8.2,11.365,47,7.0015,38,47.37910238
4,0,1,2,16.4,20.455,66,6.0032,153,93.96276086
3,0,1,2,27.06,31.06,61,6.0032,17,158.1542285
2,0,0,2,25.42,31.06,57,15.0013,74,169.2939298
1,0,1,1,17.22,21.21,38,19.9995,178,114.9464011
2,0,1,1,27.06,31.06,54,6.0032,209,140.1635783
4,0,1,1,13.12,16.665,66,8.9981,88,70.01169791
3,0,1,1,30.34,34.85,70,12.998,317,144.2360771
2,0,1,1,23.78,27.275,83,0,650,49.55992788
1,0,1,1,4.92,7.575,93,8.9981,16,11.25998532
1,0,1,1,12.3,13.635,42,31.0009,130,74.82319158
4,0,1,2,12.3,15.91,65,7.0015,5,75.86396284
3,0,1,1,35.26,12.12,30,31.0009,383,154.8848931
4,0,0,2,22.14,25.76,28,32.9975,371,479.7805059
3,0,0,2,26.24,28.03,94,16.9979,27,66.13361991
4,0,1,1,11.48,13.635,52,16.9979,106,92.66678479
1,0,1,2,16.4,20.455,87,6.0032,180,29.24875284
4,0,1,2,12.3,15.15,70,11.0014,126,65.7601506
3,0,1,2,22.14,25.76,68,16.9979,12,106.7230451
4,0,1,2,14.76,18.94,93,0,3,39.65859063
1,0,1,1,22.14,25.76,68,19.0012,243,65.1249956
3,0,1,2,30.34,34.85,66,15.0013,149,182.4483116
3,0,1,1,29.52,33.335,54,0,215,185.0877724
2,0,1,3,27.06,29.545,89,12.998,116,66.28588383
4,0,1,1,16.4,20.455,66,11.0014,222,87.49687563
2,0,0,2,18.04,21.97,94,0,14,33.65136128
3,0,1,1,31.16,33.335,33,19.9995,180,385.133801
4,0,1,3,22.14,25.76,94,6.0032,54,65.98931836
1,0,0,3,9.84,11.365,93,12.998,77,19.71511769
2,0,1,1,20.5,24.24,51,26.0027,107,122.4023454
3,0,1,1,28.7,33.335,84,7.0015,9,86.5689558
2,0,1,1,31.16,33.335,25,31.0009,232,427.4390883
3,0,1,1,26.24,31.06,36,11.0014,877,288.9723602
1,0,0,3,9.02,11.365,93,8.9981,9,19.04516389
2,0,1,1,13.12,15.15,53,22.0028,23,68.48079954
3,0,1,2,29.52,33.335,51,0,40,224.2842539
2,0,1,1,17.22,21.21,47,11.0014,26,102.413473
2,0,1,1,31.16,33.335,27,8.9981,312,340.2030142
2,0,1,2,22.96,26.515,60,11.0014,5,107.9640799
4,0,0,3,14.76,18.18,87,7.0015,56,58.18941564
2,0,1,1,30.34,33.335,48,35.0008,452,235.9746281
3,0,1,2,29.52,34.85,74,7.0015,428,137.4981025
3,0,1,1,30.34,35.605,74,6.0032,166,127.3209037
4,0,1,1,10.66,12.88,48,11.0014,178,94.44598528
4,0,1,2,25.42,31.06,50,19.9995,285,288.8248717
4,0,0,1,19.68,23.485,55,15.0013,341,158.0456162
3,0,0,1,28.7,33.335,74,8.9981,295,126.6447906
3,0,0,2,23.78,27.275,60,8.9981,365,148.6170991
3,0,1,2,29.52,33.335,48,6.0032,219,255.0999839
1,0,0,1,9.02,10.605,75,16.9979,4,25.44863008
1,0,0,1,13.94,15.15,49,22.0028,119,68.86708362
1,0,1,1,13.94,17.425,49,7.0015,267,62.60910662
1,0,1,1,21.32,25,55,8.9981,202,82.02921278
1,0,1,2,8.2,11.365,69,6.0032,215,28.94475617
2,0,0,1,21.32,25,55,19.0012,555,119.0511666
3,0,1,1,36.9,39.395,27,7.0015,293,570.2631258
2,0,1,1,27.06,29.545,94,7.0015,207,44.23147989
2,0,1,1,24.6,30.305,23,22.0028,298,351.1380363
3,0,1,1,36.9,42.425,42,19.9995,124,492.2505902
2,0,1,1,25.42,30.305,25,22.0028,525,333.5997987
1,0,1,1,16.4,20.455,62,16.9979,185,56.20294676
1,0,1,1,8.2,9.09,32,23.9994,105,72.35461175
1,0,1,2,11.48,12.88,65,23.9994,2,40.68686588
2,0,1,2,16.4,20.455,82,8.9981,406,41.86283293
3,0,0,1,33.62,37.88,46,16.9979,421,370.4653166
2,0,1,1,26.24,31.06,29,8.9981,550,281.6217952
1,0,0,1,9.02,10.605,25,16.9979,146,98.55503351
3,0,1,1,31.98,37.12,62,16.9979,245,209.058499
3,0,1,1,30.34,34.09,58,16.9979,280,198.1189751
4,0,1,1,23.78,27.275,46,8.9981,219,215.9928538
1,0,1,2,13.94,15.15,53,19.9995,187,61.86790865
1,0,1,1,16.4,20.455,58,11.0014,143,59.72999544
3,0,1,1,28.7,33.335,79,8.9981,22,100.699009
2,0,1,1,35.26,38.635,39,0,165,305.2870497
3,0,1,1,35.26,41.665,53,26.0027,472,366.352732
1,0,0,1,13.94,18.18,46,0,121,73.37075733
3,0,0,1,27.88,31.82,89,11.0014,187,79.04531943
4,0,1,1,23.78,27.275,49,12.998,323,205.5439501
1,0,1,1,8.2,10.605,86,8.9981,74,16.09828855
2,0,1,1,29.52,32.575,32,8.9981,607,284.0418234
4,0,1,2,10.66,15.15,87,0,87,37.81753279
3,0,1,1,31.98,37.88,66,0,427,170.5409325
1,0,0,2,9.84,11.365,70,15.0013,92,33.4218441
4,0,1,2,22.96,26.515,73,19.9995,147,121.4992518
2,0,1,1,23.78,27.275,60,0,17,92.38836685
4,0,0,1,12.3,14.395,61,12.998,11,80.60870827
2,0,0,2,17.22,21.21,77,6.0032,33,53.61327914
4,0,0,1,14.76,18.94,50,0,358,124.9252315
3,0,0,2,34.44,40.15,53,16.9979,362,386.0670108
3,0,1,2,24.6,30.305,60,15.0013,187,166.3616795
4,0,0,2,14.76,16.665,71,19.0012,248,81.6928369
2,0,1,1,26.24,30.305,73,15.0013,16,86.28570736
3,0,1,2,28.7,33.335,84,6.0032,8,95.95587776
4,0,1,3,14.76,17.425,62,12.998,146,105.1459989
1,0,0,2,12.3,14.395,52,16.9979,119,65.19714194
3,0,1,1,28.7,31.82,42,16.9979,127,270.2248217
4,0,1,1,15.58,19.695,43,23.9994,414,173.3255363
3,0,1,1,27.06,31.06,50,0,31,181.8331247
2,0,1,1,17.22,21.21,67,7.0015,16,57.73047806
4,0,1,1,24.6,28.03,83,12.998,252,85.3549857
3,0,1,2,34.44,40.15,53,19.0012,741,357.0973291
1,0,1,1,6.56,11.365,69,0,52,24.56190013
2,0,0,2,13.12,15.15,93,11.0014,54,26.07656824
1,0,1,1,13.12,14.395,57,27.9993,112,50.76945049
2,0,0,1,26.24,30.305,73,6.0032,181,88.26253754
1,0,1,1,13.12,15.15,49,19.9995,76,61.53155857
4,1,0,2,16.4,20.455,62,6.0032,308,103.2099062
2,0,1,1,16.4,20.455,82,0,30,34.89516645
3,0,1,3,25.42,27.275,94,0,2,56.39132476
2,0,1,1,13.94,16.665,61,11.0014,11,54.81131492
4,0,0,2,10.66,12.88,70,11.0014,66,63.87899148
1,0,1,1,12.3,15.15,61,8.9981,95,40.63480956
4,0,1,2,16.4,20.455,50,11.0014,678,150.7638939
2,0,0,1,25.42,28.79,83,7.0015,27,62.57672985
2,0,1,1,13.12,15.15,61,16.9979,5,53.00130028
1,0,1,1,9.02,11.365,51,11.0014,78,44.01090875
4,0,1,1,15.58,19.695,94,0,662,36.02556367
4,0,0,3,15.58,19.695,82,7.0015,107,72.24984
4,0,1,1,22.96,26.515,63,0,230,121.7041515
2,0,1,2,14.76,15.91,57,32.9975,76,78.34422933
1,0,0,1,8.2,9.85,55,15.0013,72,41.28902275
3,0,0,1,31.98,37.12,62,7.0015,253,212.1654118
2,0,1,1,13.94,16.665,49,12.998,354,77.06465781
1,0,1,1,2.46,5.305,45,7.0015,7,35.85387914
1,0,1,1,8.2,8.335,27,31.0009,3,84.2216451
1,0,1,1,12.3,13.635,56,22.0028,22,47.69458218
3,0,0,1,29.52,34.09,62,16.9979,360,194.7050135
1,0,0,1,3.28,4.545,53,12.998,18,32.06810606
3,0,1,1,25.42,30.305,69,0,13,103.9405621
1,0,0,1,8.2,9.09,34,19.0012,224,72.36513335
4,0,0,1,12.3,15.15,61,11.0014,70,82.49467064
4,0,1,2,14.76,18.18,93,6.0032,165,39.98992535
2,0,1,3,25.42,29.545,73,16.9979,134,104.904684
3,0,1,1,28.7,33.335,79,12.998,25,103.9372869
4,0,1,1,10.66,15.15,70,0,59,53.63865712
1,0,0,1,5.74,8.335,63,7.0015,3,28.61090047
3,0,1,1,25.42,29.545,73,15.0013,6,100.9904656
1,0,1,1,5.74,6.82,54,12.998,12,32.23281298
1,0,0,1,14.76,16.665,51,23.9994,157,71.86942111
1,0,1,2,16.4,20.455,62,26.0027,59,67.42880332
3,0,1,1,30.34,34.85,67,15.0013,203,158.9422544
1,0,1,1,9.02,9.85,41,26.0027,42,60.08888885
3,0,1,2,24.6,29.545,73,7.0015,120,105.5989809
1,0,0,1,12.3,15.15,49,11.0014,261,62.75769458
1,0,1,1,4.92,6.06,55,16.9979,19,31.04546398
4,0,1,2,25.42,31.06,43,6.0032,201,312.5046534
2,0,1,1,22.14,25.76,77,0,201,53.60835246
3,0,1,1,27.06,31.06,65,8.9981,77,130.0743995
2,0,1,3,30.34,34.09,58,30.0026,222,224.5284375
3,0,0,1,29.52,34.85,77,11.0014,67,128.6419227
1,0,1,2,7.38,8.335,74,16.9979,1,23.52007777
1,0,1,3,9.02,11.365,93,8.9981,1,17.33899897
3,0,1,1,30.34,35.605,74,16.9979,268,138.8943047
1,0,1,2,17.22,21.21,82,12.998,4,36.90806923
2,0,1,3,25.42,28.79,83,16.9979,188,76.96379801
4,0,0,1,13.12,15.15,66,15.0013,15,74.58287365
1,0,1,2,9.02,11.365,47,12.998,14,55.66769735
1,0,1,1,18.04,21.97,38,26.0027,215,125.7222388
2,0,1,2,29.52,32.575,37,27.9993,320,322.1225692
1,0,0,3,16.4,20.455,71,15.0013,8,59.44235333
2,0,1,1,18.04,21.97,44,30.0026,281,134.6554743
3,0,1,1,33.62,36.365,36,11.0014,192,389.9949745
2,0,1,1,22.96,26.515,49,15.0013,404,134.3533327
1,0,1,2,5.74,6.06,50,16.9979,94,39.82981295
1,0,0,1,22.14,25.76,73,6.0032,541,56.36864983
1,0,1,1,10.66,13.635,65,7.0015,11,33.0016433
4,0,1,1,17.22,21.21,41,15.0013,493,185.3189854
2,0,1,1,25.42,30.305,17,12.998,757,385.7997221
1,0,1,1,11.48,12.88,61,26.0027,108,41.23251256
4,0,1,1,20.5,24.24,48,19.0012,222,187.1819403
4,0,0,1,13.94,15.15,31,22.0028,293,203.9760814
1,0,0,2,6.56,6.82,47,19.0012,43,50.28290642
2,0,1,1,24.6,29.545,73,11.0014,94,79.91683185
2,0,1,1,22.14,25.76,88,0,4,39.79873718
2,0,1,1,27.06,31.06,74,7.0015,17,82.19780198
3,0,1,1,27.88,31.82,47,19.0012,224,239.0781693
2,0,1,1,24.6,28.79,78,0,95,61.53519192
3,0,1,1,28.7,33.335,79,0,6,93.77823361
2,0,1,1,19.68,23.485,23,19.9995,412,238.9312932
1,0,1,2,18.04,21.97,54,19.9995,253,86.84741724
2,0,1,1,30.34,33.335,48,19.9995,324,209.5614427
3,0,1,2,30.34,34.09,55,6.0032,331,220.0707904
1,0,1,1,8.2,9.85,69,16.9979,267,26.13914965
2,0,0,1,26.24,31.06,53,11.0014,390,164.0834
2,0,1,2,18.04,21.97,72,7.0015,684,58.75297348
3,0,1,1,28.7,33.335,79,7.0015,9,99.12053083
2,0,0,1,26.24,30.305,73,7.0015,29,88.96254486
1,1,0,2,8.2,9.85,44,12.998,16,54.88038256
2,0,1,1,24.6,31.06,38,32.9975,400,265.3162129
3,0,0,1,31.98,37.88,65,15.0013,278,216.7222723
3,0,1,1,28.7,31.82,41,19.9995,925,284.3157498
3,0,1,1,26.24,28.79,89,0,41,56.09508455
4,0,1,2,21.32,25,88,6.0032,352,66.62070637
2,0,0,1,25.42,31.06,43,11.0014,246,214.4860478
4,0,1,1,18.86,22.725,41,19.0012,214,208.0300279
3,0,0,1,33.62,37.88,46,16.9979,382,370.4653166
2,0,1,1,26.24,30.305,69,6.0032,60,89.54820146
1,0,1,2,13.94,17.425,100,6.0032,6,17.4410337
1,0,0,3,6.56,9.09,93,7.0015,15,16.52636188
4,0,0,2,13.94,17.425,66,6.0032,172,87.51148941
1,0,1,1,12.3,16.665,70,0,92,32.06678811
4,0,1,2,16.4,20.455,87,6.0032,170,53.20956647
3,0,0,1,27.06,30.305,83,7.0015,162,83.08072036
1,0,1,3,16.4,20.455,66,19.0012,1,63.95623964
2,0,0,1,9.84,12.12,70,11.0014,9,36.78552864
3,1,0,1,27.88,31.82,74,0,123,97.59700644
2,0,1,1,30.34,34.09,58,8.9981,452,152.3373011
2,0,1,1,27.88,31.82,69,16.9979,181,106.2432938
2,0,1,1,28.7,31.82,34,15.0013,211,270.5942165
3,0,1,1,36.08,39.395,35,15.0013,418,487.7719992
3,0,0,1,28.7,32.575,70,11.0014,69,137.8782046
1,0,1,2,17.22,21.21,71,11.0014,330,48.93537465
1,0,1,2,29.52,32.575,30,7.0015,258,270.1183118
3,0,0,1,28.7,33.335,79,6.0032,47,108.0173514
1,0,0,1,14.76,18.94,66,0,48,44.52492399
2,0,0,1,23.78,27.275,35,16.9979,678,228.455013
3,0,1,1,29.52,34.09,70,8.9981,6,133.9805563
1,0,1,1,17.22,21.21,77,15.0013,29,38.4297162
4,0,1,1,16.4,20.455,66,11.0014,177,87.49687563
2,0,0,1,22.14,25.76,49,0,335,125.6843544
4,0,0,1,22.96,26.515,73,30.0026,196,129.2918255
1,0,0,1,6.56,8.335,37,11.0014,110,59.88439618
4,0,0,2,16.4,20.455,87,19.9995,250,65.29058063
1,0,1,1,9.84,12.12,38,11.0014,68,65.25564229
2,1,0,1,21.32,25,55,12.998,136,101.8747701
3,0,0,1,27.88,31.82,83,11.0014,121,92.99035098
4,0,1,2,22.14,25.76,88,26.0027,113,81.40031349
2,0,1,1,16.4,20.455,46,31.0009,68,118.2154645
4,0,1,2,16.4,20.455,40,27.9993,306,226.1078986
4,0,0,2,14.76,17.425,87,8.9981,295,50.89321335
3,0,0,1,26.24,28.79,89,12.998,43,68.28964085
2,0,1,3,14.76,17.425,100,15.0013,70,25.61719046
2,0,1,1,17.22,21.21,41,11.0014,330,120.4810718
4,0,0,1,9.84,12.88,65,7.0015,11,63.2418607
4,0,0,1,22.96,26.515,52,27.9993,62,224.7255817
3,0,1,1,25.42,29.545,73,15.0013,4,100.9904656
3,0,0,1,34.44,37.12,39,8.9981,382,405.3481787
2,0,1,1,22.96,26.515,94,8.9981,23,37.87954035
3,0,1,2,34.44,37.12,36,8.9981,497,447.1864013
2,0,1,1,23.78,27.275,88,0,112,43.28418311
4,0,0,1,8.2,9.85,51,15.0013,74,83.7062958
1,0,0,3,18.04,21.97,100,15.0013,39,29.47864899
3,0,0,1,30.34,34.09,62,16.9979,227,195.2745358
1,0,1,1,9.02,9.85,44,23.9994,5,54.52914731
4,1,0,1,24.6,29.545,73,0,225,107.5994081
4,0,1,1,11.48,15.91,81,0,246,41.53370496
4,0,1,1,14.76,16.665,43,22.0028,244,145.5078916
4,0,1,2,22.96,26.515,83,6.0032,10,82.96035596
4,0,0,1,10.66,15.15,81,0,115,43.73966192
4,0,1,3,22.96,26.515,100,7.0015,109,58.95446344
4,0,1,1,18.04,21.97,51,8.9981,743,140.5957512
1,0,1,1,8.2,9.85,44,15.0013,4,50.63339854
1,0,1,2,12.3,16.665,61,0,1,45.71284451
3,0,1,1,24.6,29.545,73,8.9981,23,96.02429164
1,0,1,1,9.84,12.12,56,8.9981,5,39.45011574
1,0,1,3,22.96,26.515,52,32.9975,26,146.0383119
3,0,1,1,35.26,40.15,47,16.9979,237,371.1863655
4,0,1,1,18.86,22.725,63,12.998,208,109.3374418
2,0,1,1,27.06,31.06,31,12.998,430,276.159728
3,0,0,1,25.42,28.79,83,7.0015,10,76.39067014
1,0,1,1,10.66,12.12,81,19.0012,32,21.76138454
1,0,1,1,10.66,14.395,70,6.0032,282,29.73861939
4,0,0,2,11.48,12.88,45,22.0028,209,137.5439468
4,0,1,1,27.06,31.06,74,0,241,115.8920234
1,0,0,1,10.66,13.635,70,7.0015,43,31.65882699
1,0,0,1,8.2,11.365,59,6.0032,24,37.30725343
3,0,1,3,27.88,31.82,79,8.9981,251,115.9081907
1,0,1,1,9.02,11.365,25,8.9981,72,87.58772014
3,0,0,1,31.16,33.335,37,12.998,654,359.1448196
3,0,1,1,32.8,34.85,29,16.9979,582,455.8241494
3,0,1,1,29.52,32.575,37,11.0014,509,307.6754967
4,0,1,1,23.78,27.275,94,6.0032,39,57.49806001
3,0,1,2,30.34,34.85,70,8.9981,250,156.1233689
1,0,1,1,9.84,10.605,35,22.0028,78,71.41405765
2,0,1,1,27.06,31.06,69,8.9981,230,95.61438186
1,0,1,1,16.4,20.455,43,16.9979,228,94.0166038
1,0,1,1,9.02,10.605,69,16.9979,1,27.25620854
2,0,0,1,20.5,24.24,22,19.9995,578,281.1693673
2,0,1,1,31.16,34.85,55,0,213,160.4907173
4,0,1,1,13.12,15.91,49,11.0014,267,108.4113121
2,1,0,1,21.32,25,83,8.9981,387,46.24155153
2,0,1,1,21.32,25,32,22.0028,117,206.9069018
2,0,0,1,17.22,21.21,82,7.0015,58,42.2436589
1,0,0,1,4.1,4.545,49,19.9995,63,37.88301311
1,0,1,1,10.66,14.395,56,6.0032,2,43.44750431
1,0,1,1,17.22,21.21,41,23.9994,134,109.3857362
3,0,0,2,24.6,28.03,83,11.0014,181,84.45799096
3,0,0,1,28.7,32.575,58,15.0013,252,196.9542041
2,0,1,1,20.5,24.24,51,0,158,99.6387013
1,0,0,3,8.2,11.365,100,6.0032,10,15.34270209
4,1,0,1,18.04,21.97,94,0,44,40.27922685
4,0,1,1,18.04,21.97,94,6.0032,1,42.85361326
3,0,1,1,32.8,37.88,55,30.0026,275,292.1246081
3,0,1,2,29.52,34.85,79,0,33,113.6144823
4,0,0,2,14.76,17.425,62,12.998,108,103.3744598
4,0,0,1,9.84,11.365,70,12.998,7,53.56584772
1,0,1,2,10.66,15.15,52,0,3,53.63161871
2,0,0,2,28.7,32.575,61,7.0015,244,155.992877
2,0,1,1,20.5,24.24,29,19.0012,729,210.1137651
1,0,1,1,9.02,11.365,60,8.9981,150,33.94948115
2,0,1,2,13.94,16.665,53,8.9981,5,74.85281102
4,0,1,1,13.94,17.425,53,7.0015,351,102.2065485
1,0,0,1,16.4,20.455,35,19.9995,36,131.3296987
4,0,0,3,9.84,10.605,65,22.0028,106,79.04938851
3,0,1,1,30.34,33.335,51,7.0015,88,212.8083398
4,0,0,2,13.94,15.91,87,16.9979,7,49.99893786
4,0,1,1,13.12,17.425,42,0,331,129.8708969
2,0,1,3,25.42,28.03,88,16.9979,303,64.63497507
4,0,1,1,14.76,16.665,71,16.9979,419,65.52371151
2,0,0,1,18.86,22.725,88,23.9994,32,44.67609857
3,0,1,2,22.96,26.515,88,0,454,56.59928283
2,0,1,1,24.6,30.305,23,19.0012,402,342.896052
3,0,1,1,30.34,34.09,58,15.0013,115,195.0134185
3,0,1,1,28.7,33.335,79,0,488,93.77823361
1,0,0,2,11.48,12.12,93,30.0026,83,21.11252532
4,0,1,1,22.96,26.515,43,0,166,209.1756625
2,0,1,1,22.96,26.515,83,11.0014,5,51.83850537
3,0,0,1,28.7,33.335,89,12.998,103,87.08215937
2,0,1,1,14.76,16.665,46,22.0028,126,90.02243832
4,0,1,2,22.96,26.515,83,12.998,147,87.68173855
2,0,0,1,10.66,13.635,70,8.9981,24,39.26303369
4,0,1,1,7.38,10.605,80,6.0032,3,33.547716
2,0,0,1,22.14,25.76,60,0,28,93.30782159
3,0,1,1,31.98,36.365,55,19.9995,467,248.8855753
1,0,0,2,13.12,16.665,49,7.0015,2,73.66351652
1,0,1,2,9.02,12.12,60,7.0015,240,38.81657965
4,0,0,1,16.4,20.455,82,11.0014,24,62.31443055
4,0,1,1,23.78,27.275,49,12.998,166,205.5439501
3,0,1,1,27.06,31.06,44,16.9979,977,244.7091665
2,0,1,1,28.7,33.335,79,11.0014,3,83.80739527
3,0,1,1,32.8,36.365,46,23.9994,245,328.7433517
3,0,0,1,22.96,26.515,73,15.0013,124,94.05668777
1,0,1,1,21.32,25,52,11.0014,233,90.39283561
1,0,1,1,19.68,23.485,41,22.0028,328,122.1363665
4,0,1,1,18.04,21.97,77,0,219,64.75623043
4,0,1,2,16.4,20.455,50,11.0014,452,150.7638939
1,0,1,1,8.2,9.09,40,22.0028,144,57.34853606
2,0,0,1,16.4,20.455,28,16.9979,69,189.2330673
2,0,1,2,20.5,24.24,72,8.9981,122,67.6901303
1,0,1,1,5.74,6.06,50,22.0028,139,37.09095955
1,0,1,1,4.92,6.06,50,19.0012,1,36.11471547
1,0,1,2,11.48,13.635,93,11.0014,16,17.88143437
3,0,0,1,36.08,39.395,37,12.998,201,499.5424285
2,0,1,1,18.86,22.725,72,8.9981,114,55.70898226
3,0,0,1,26.24,31.06,61,12.998,10,163.8594057
1,0,1,1,14.76,17.425,23,12.998,211,133.1316247
1,0,0,1,10.66,11.365,65,27.9993,44,38.07408412
2,0,1,2,22.96,26.515,83,22.0028,122,63.18302492
1,0,1,1,9.02,11.365,47,8.9981,71,48.2744001
3,0,1,1,26.24,28.79,89,0,144,56.09508455
3,0,1,1,26.24,30.305,73,0,196,93.54323588
3,0,1,1,26.24,30.305,69,0,176,104.2445937
2,0,1,1,26.24,29.545,78,8.9981,28,69.10177066
1,0,1,1,13.94,14.395,36,35.0008,88,95.03827875
3,0,1,2,32.8,35.605,38,8.9981,374,389.5005532
3,0,1,1,28.7,32.575,61,11.0014,153,160.1686511
4,0,1,3,24.6,28.79,78,22.0028,284,136.230502
2,0,1,1,27.06,31.06,69,11.0014,512,97.14217528
2,0,1,1,20.5,24.24,63,19.0012,4,83.67673239
3,0,1,1,33.62,37.12,48,23.9994,179,324.7210113
3,0,0,1,27.06,31.06,47,16.9979,585,247.8164135
4,0,1,1,13.12,14.395,45,23.9994,171,123.8403319
4,0,0,1,17.22,21.21,67,8.9981,6,96.00245446
3,0,0,2,26.24,28.03,94,7.0015,6,61.10381951
2,0,1,1,21.32,25,77,6.0032,248,53.89857676
4,0,0,2,15.58,19.695,82,12.998,417,67.8116723
3,0,0,1,26.24,30.305,69,6.0032,10,120.0729048
4,0,1,1,14.76,17.425,93,11.0014,118,35.81639421
4,0,1,1,27.06,31.06,74,15.0013,276,130.4990878
2,0,0,3,17.22,21.21,94,26.0027,22,44.28111679
3,0,1,1,32.8,37.88,55,11.0014,532,251.3437164
3,0,1,2,26.24,30.305,65,19.0012,189,150.8464159
4,0,0,2,9.84,12.88,75,6.0032,48,53.47012046
4,0,1,2,20.5,24.24,63,16.9979,280,137.1245495
3,0,1,1,30.34,34.85,70,6.0032,207,136.4694233
2,0,1,2,23.78,27.275,88,6.0032,355,50.71076942
4,0,1,3,22.14,25.76,94,19.0012,78,73.13798151
2,0,1,1,29.52,32.575,37,12.998,558,256.0513274
4,0,1,1,17.22,21.21,82,11.0014,8,59.15642566
1,0,1,1,13.94,15.15,71,19.9995,8,34.01261782
4,0,1,1,9.02,11.365,69,12.998,39,49.9596166
2,0,0,3,18.86,22.725,72,0,63,71.12841874
1,0,1,1,1.64,3.03,45,8.9981,180,32.29898006
2,0,1,3,33.62,39.395,56,26.0027,309,305.4260367
4,0,1,2,17.22,21.21,82,11.0014,21,66.09096868
4,0,1,1,17.22,21.21,50,12.998,218,142.9528174
4,0,0,2,18.04,21.97,62,8.9981,22,128.0884334
1,0,1,1,13.94,16.665,93,11.0014,75,18.87615558
2,0,0,1,23.78,27.275,49,6.0032,340,143.3414966
1,0,1,3,17.22,21.21,77,7.0015,78,45.02515346
4,0,1,3,18.86,22.725,100,11.0014,1,49.32386024
4,0,0,2,14.76,16.665,46,23.9994,449,167.250778
3,0,1,2,33.62,40.15,59,16.9979,671,297.9008835
4,0,0,1,17.22,21.21,30,19.0012,363,283.0022938
1,0,1,1,12.3,14.395,28,12.998,62,98.58898714
1,0,1,2,24.6,31.06,43,26.0027,302,200.6487876
1,0,1,3,14.76,17.425,93,12.998,2,24.9655682
1,0,1,2,13.94,16.665,66,8.9981,175,43.1218033
4,0,0,1,10.66,13.635,70,7.0015,124,57.59399275
2,0,1,1,20.5,24.24,59,31.0009,361,102.5378965
4,0,1,1,12.3,15.91,87,7.0015,7,37.42561937
3,0,0,1,30.34,33.335,51,19.9995,404,259.0709187
2,0,1,1,18.86,22.725,94,12.998,1,31.69166582
3,0,1,1,27.88,31.82,69,15.0013,139,127.6636936
1,0,1,1,12.3,16.665,49,0,177,56.62673355
3,0,1,1,28.7,33.335,84,12.998,47,90.77576887
1,0,1,3,15.58,19.695,62,6.0032,208,61.65507067
4,0,1,1,9.02,10.605,55,19.9995,9,74.1834855
1,0,0,2,5.74,6.06,50,19.0012,8,44.44813705
1,0,1,2,9.84,12.88,60,0,86,38.30378039
4,0,0,2,16.4,20.455,62,12.998,321,121.5615308
4,0,1,1,18.04,21.97,77,6.0032,184,67.90665564
4,0,0,2,22.96,26.515,68,19.0012,105,151.6020063
3,0,1,1,33.62,37.88,46,7.0015,281,311.6254542
3,0,1,1,27.06,31.06,54,8.9981,307,175.20843
3,1,0,2,27.06,30.305,78,12.998,101,100.0030881
4,0,1,3,23.78,27.275,94,8.9981,99,73.48960984
3,0,1,1,28.7,33.335,74,0,152,107.375077
4,0,0,1,26.24,31.06,50,7.0015,414,256.9533254
3,0,1,1,24.6,28.03,81,7.0015,425,70.39053353
1,0,0,2,22.14,25.76,43,8.9981,322,145.3044219
4,0,0,1,12.3,15.91,61,6.0032,127,82.46437845
2,0,1,1,25.42,29.545,78,8.9981,299,68.90023385
3,0,0,1,34.44,38.635,47,7.0015,489,347.3820058
1,0,0,3,17.22,21.21,77,19.9995,2,54.81320839
4,0,0,2,14.76,18.18,93,6.0032,103,43.92495114
3,0,0,1,25.42,30.305,65,12.998,110,141.0120528
2,0,1,1,19.68,23.485,39,12.998,165,146.5705961
1,0,1,2,9.84,11.365,93,12.998,52,16.06565692
3,0,1,1,30.34,34.09,62,15.0013,308,174.9940745
4,0,0,1,8.2,11.365,59,7.0015,5,68.4079276
1,0,0,1,11.48,14.395,61,7.0015,26,42.13309446
3,0,0,1,32.8,38.635,59,15.0013,421,265.85159
3,0,1,1,26.24,28.79,83,7.0015,4,69.75062543
2,0,1,1,36.9,41.665,39,19.9995,152,420.5544069
1,0,1,2,4.92,6.06,50,19.0012,188,40.34822088
4,0,1,1,24.6,31.06,56,16.9979,563,213.9679855
3,0,0,1,23.78,27.275,88,7.0015,20,61.34496828
4,0,1,1,18.86,22.725,82,15.0013,14,66.40610972
1,0,1,1,9.84,11.365,38,12.998,190,63.76379215
2,0,1,2,17.22,21.21,82,7.0015,677,42.96759299
4,0,0,1,10.66,15.15,87,0,55,37.18036884
2,0,0,1,26.24,31.06,47,12.998,435,196.1046771
4,0,0,2,19.68,23.485,67,19.0012,223,131.6877477
2,0,1,1,18.86,22.725,47,8.9981,19,109.6307601
2,0,1,2,24.6,31.06,53,26.0027,388,186.8362387
1,0,1,1,22.96,26.515,40,31.0009,544,159.3853129
4,0,0,2,12.3,14.395,81,12.998,12,52.39820304
3,0,1,1,31.98,33.335,25,12.998,318,453.8379918
2,0,1,2,18.04,21.97,77,8.9981,20,52.13027166
1,0,1,3,13.94,16.665,93,12.998,18,23.93621679
2,0,1,1,29.52,34.09,70,19.9995,316,119.7352628
3,0,1,3,26.24,28.79,89,7.0015,90,74.00597115
3,0,1,1,29.52,34.09,70,11.0014,3,136.1213913
3,0,1,2,26.24,28.79,89,22.0028,48,74.58998171
1,0,1,1,10.66,15.15,65,0,1,33.75957485
2,0,1,1,18.04,21.97,88,0,33,32.25993438
3,0,0,2,30.34,34.85,66,6.0032,499,186.6282545
4,0,1,1,18.04,21.97,54,12.998,257,133.7942694
3,0,1,1,29.52,33.335,58,0,7,166.0873579
4,0,0,3,16.4,20.455,82,11.0014,333,77.78019269
3,0,1,2,30.34,34.85,66,7.0015,396,171.2566676
4,0,1,2,13.94,15.91,42,15.0013,128,151.5484395
2,0,0,1,23.78,27.275,53,7.0015,108,129.6467311
4,0,0,2,16.4,20.455,82,16.9979,158,73.00230614
4,0,1,1,18.04,21.97,67,7.0015,408,89.73172383
4,0,0,1,9.02,11.365,41,8.9981,95,113.4806136
2,0,1,1,21.32,25,55,0,174,93.25515568
2,0,1,1,25.42,30.305,25,8.9981,341,300.9770814
3,0,1,1,18.86,22.725,63,22.0028,248,96.18063191
3,1,0,2,29.52,34.09,66,6.0032,238,160.5666023
1,0,1,1,8.2,12.88,86,0,2,16.85764867
2,0,0,3,16.4,20.455,100,19.9995,29,34.42326551
1,0,1,1,8.2,10.605,85,11.0014,5,16.80446143
2,0,1,1,18.04,21.97,77,8.9981,16,46.66054382
4,0,0,1,10.66,13.635,65,8.9981,9,66.99466267
4,0,1,1,14.76,18.18,81,7.0015,464,49.93035413
3,0,1,1,27.06,31.06,65,0,299,121.1347316
4,0,1,1,13.12,16.665,45,8.9981,248,123.6336408
2,0,0,2,14.76,17.425,71,8.9981,84,52.67075807
3,0,1,2,33.62,12.12,38,16.9979,669,123.9957633
1,0,0,1,15.58,19.695,76,16.9979,36,40.51257076
1,0,1,1,18.86,22.725,82,19.0012,593,37.67661268
2,0,0,3,22.14,25.76,94,8.9981,248,49.80486759
1,0,1,2,14.76,17.425,50,15.0013,102,72.74082968
4,0,1,2,21.32,25,68,8.9981,271,117.2485173
3,0,1,1,35.26,39.395,41,0,155,367.1408653
1,0,0,2,9.02,13.635,55,0,3,49.93911033
1,0,1,2,18.04,21.97,51,32.9975,2,104.4015868
2,0,1,2,26.24,30.305,73,0,278,85.61012381
4,0,0,1,17.22,21.21,82,11.0014,507,64.9774433
4,0,1,2,23.78,27.275,68,22.0028,476,147.4163288
1,0,1,1,15.58,19.695,37,23.9994,7,112.083559
1,0,1,1,15.58,19.695,37,23.9994,11,112.083559
2,0,1,1,27.06,31.06,65,16.9979,435,113.5159096
1,0,0,3,15.58,19.695,87,6.0032,94,34.41298087
2,0,0,1,21.32,25,77,12.998,102,62.57149574
1,0,1,1,8.2,12.88,64,0,6,30.58604583
1,0,1,2,23.78,27.275,32,19.0012,221,209.7578396
2,0,1,1,22.96,26.515,52,8.9981,177,118.1236335
3,0,0,1,31.16,35.605,62,30.0026,578,234.7088261
4,0,1,1,9.02,10.605,69,15.0013,183,48.80746304
3,0,1,1,27.06,30.305,83,6.0032,316,75.04275526
1,0,1,1,8.2,12.88,40,0,96,58.58281648
4,0,1,2,16.4,20.455,87,0,282,50.74099019
3,0,1,1,26.24,29.545,78,8.9981,185,84.35612696
1,0,1,3,13.94,15.91,87,15.0013,9,27.51669892
1,0,1,1,13.12,17.425,53,0,14,52.99883263
3,0,0,1,29.52,34.85,79,12.998,13,123.8008206
4,0,0,1,9.02,13.635,55,0,43,81.317305
3,0,1,1,26.24,29.545,78,6.0032,16,82.38047012
3,0,1,1,26.24,30.305,69,0,6,104.2445937
2,0,1,2,12.3,13.635,93,22.0028,63,23.88394375
1,0,1,1,15.58,19.695,36,22.0028,75,113.354985
2,0,0,2,12.3,15.15,87,8.9981,20,30.10641764
3,1,0,3,22.96,26.515,88,26.0027,20,76.56623008
3,0,0,1,21.32,25,68,8.9981,176,94.427916
4,0,1,1,10.66,15.15,75,0,8,46.84642525
1,0,1,1,5.74,7.575,50,11.0014,5,36.76065928
1,0,1,2,8.2,8.335,44,30.0026,37,58.91260507
2,0,1,2,22.14,25.76,45,16.9979,173,162.9736442
3,0,1,1,28.7,33.335,74,11.0014,20,117.1416236
3,0,1,2,27.88,31.82,65,11.0014,455,153.9935638
4,0,1,2,12.3,14.395,49,16.9979,461,117.1200088
3,0,1,1,34.44,36.365,32,8.9981,747,429.0264227
4,0,1,1,12.3,14.395,49,12.998,230,101.5651524
1,1,0,2,8.2,10.605,47,11.0014,82,51.78216417
1,0,1,2,17.22,21.21,77,15.0013,116,42.93459488
4,0,0,1,9.84,11.365,35,15.0013,124,140.4050297
3,0,1,1,28.7,32.575,61,15.0013,12,165.3193533
3,0,1,1,29.52,33.335,51,11.0014,590,219.0112094
3,0,1,1,28.7,32.575,65,19.0012,95,153.1188736
3,0,1,2,35.26,40.15,47,19.0012,345,421.324593
2,0,1,1,22.96,26.515,19,16.9979,345,307.5520751
2,0,1,1,25.42,28.79,83,19.0012,327,62.6456197
1,0,1,3,13.94,17.425,0,6.0032,27,292.2410471
3,0,1,1,34.44,38.635,47,12.998,323,331.6304359
3,0,1,1,25.42,30.305,65,7.0015,317,122.4299816
4,1,0,1,16.4,20.455,76,8.9981,20,64.74847213
2,0,0,2,18.04,21.97,82,0,6,46.57212919
3,0,1,1,29.52,34.09,70,12.998,7,138.2891021
3,0,1,1,30.34,34.85,70,16.9979,290,148.8744197
2,0,1,1,16.4,20.455,82,0,222,34.89516645
3,0,1,1,21.32,25,63,16.9979,172,104.8657123
2,0,0,2,25.42,30.305,61,11.0014,131,141.5626051
3,0,1,1,32.8,36.365,43,12.998,382,326.8361544
3,0,1,1,24.6,31.06,40,12.998,390,261.9025762
4,0,0,1,22.96,26.515,83,16.9979,141,88.97660564
1,0,1,2,9.84,12.88,93,7.0015,109,16.56584926
2,0,1,2,26.24,31.06,53,8.9981,705,164.2704861
4,0,0,2,14.76,18.94,100,0,182,36.03926738
4,0,0,3,14.76,18.18,87,7.0015,66,58.18941564
3,0,1,1,28.7,32.575,65,7.0015,41,139.2483911
2,0,0,1,14.76,16.665,50,23.9994,16,90.14297576
2,0,0,2,22.14,25.76,94,8.9981,70,44.57913095
2,0,1,2,20.5,24.24,88,12.998,233,45.30090952
2,0,0,1,18.04,21.97,24,15.0013,32,225.7545631
4,0,0,1,15.58,19.695,58,11.0014,272,114.4325558
2,1,0,1,31.16,34.09,45,22.0028,288,237.3423821
1,0,0,1,9.84,14.395,75,0,8,27.12568998
1,0,1,1,15.58,19.695,82,26.0027,63,33.6677082
2,0,0,1,15.58,19.695,27,11.0014,37,177.7721049
2,1,0,1,31.16,33.335,35,26.0027,522,308.9006688
3,0,1,1,28.7,31.82,37,11.0014,278,295.065832
4,1,0,3,17.22,21.21,58,12.998,370,141.616958
1,0,1,1,14.76,16.665,29,27.9993,95,122.533819
2,0,1,1,25.42,31.06,41,7.0015,387,199.7159495
3,0,0,1,36.9,40.91,37,11.0014,276,533.2148762
1,0,0,1,6.56,6.06,40,36.9974,155,60.315791
2,0,1,1,27.06,31.06,74,11.0014,24,84.84111827
4,0,1,1,20.5,24.24,31,7.0015,291,269.7430735
1,0,1,1,7.38,9.09,47,12.998,65,44.05403236
3,0,1,1,22.14,25.76,88,0,152,48.58438929
4,0,1,2,17.22,21.21,77,15.0013,382,78.1069604
4,0,1,1,13.12,17.425,87,0,1,38.39714015
3,0,0,1,31.98,37.88,66,7.0015,71,197.9934841
4,0,1,1,22.96,26.515,60,0,518,132.0037463
4,0,1,1,13.94,15.15,46,26.0027,293,127.6910358
3,0,0,1,28.7,32.575,70,6.0032,65,132.5313589
3,0,0,1,30.34,34.09,55,15.0013,460,232.330407
2,0,1,2,21.32,25,52,16.9979,38,129.2734727
1,0,1,2,12.3,14.395,70,15.0013,70,35.8856736
1,0,1,1,17.22,21.21,30,23.9994,93,147.3410846
1,0,0,1,16.4,20.455,35,19.0012,61,130.2963228
1,0,1,3,16.4,20.455,82,16.9979,105,40.81630722
2,0,1,3,24.6,27.275,88,11.0014,4,59.11338655
2,0,1,1,22.14,25.76,68,27.9993,34,85.36862985
3,0,1,1,31.16,12.12,52,19.0012,303,76.50710786
3,0,1,1,30.34,32.575,35,19.0012,178,347.0358378
3,0,1,1,28.7,32.575,70,8.9981,142,123.5521545
1,0,1,2,14.76,18.94,87,0,23,25.64582277
3,0,1,1,32.8,37.12,52,11.0014,280,262.1388748
2,0,0,1,28.7,31.82,42,22.0028,623,252.9638547
3,0,1,1,35.26,37.12,26,19.9995,282,574.1528268
4,0,0,2,16.4,20.455,87,7.0015,102,58.90893927
2,0,1,1,30.34,33.335,48,35.0008,235,235.9746281
1,0,0,1,13.94,15.15,29,27.9993,145,124.115268
2,1,0,1,21.32,25,55,19.0012,200,106.8310321
2,0,0,1,34.44,36.365,28,8.9981,492,430.1881369
2,0,1,2,23.78,27.275,49,12.998,144,154.0955078
1,0,1,2,8.2,11.365,59,6.0032,63,37.94659182
1,0,0,2,16.4,20.455,87,6.0032,214,32.12684266
4,0,1,2,10.66,12.88,56,12.998,8,86.31831752
1,0,1,2,13.12,14.395,76,26.0027,59,33.37610133
2,0,1,1,18.86,22.725,63,8.9981,145,71.0833385
3,0,0,1,28.7,32.575,61,8.9981,113,173.162405
2,0,0,1,30.34,32.575,28,8.9981,456,348.7005381
4,0,1,1,15.58,19.695,94,6.0032,3,37.77822658
3,0,1,1,31.16,34.09,45,15.0013,570,278.1100733
2,0,0,1,18.86,22.725,59,8.9981,56,87.01009893
2,0,1,1,18.86,22.725,67,19.0012,142,69.04045213
3,0,1,1,32.8,34.85,29,0,142,398.4573318
1,0,0,1,24.6,30.305,60,7.0015,686,103.0211815
4,0,0,1,21.32,25,29,19.0012,386,358.7203842
1,0,1,2,13.94,16.665,0,8.9981,34,257.5585216
3,0,1,1,24.6,30.305,64,8.9981,328,127.4210471
2,0,0,1,26.24,30.305,73,12.998,437,93.28567424
4,0,1,2,22.14,25.76,68,7.0015,516,120.3737326
2,0,0,2,14.76,17.425,76,8.9981,97,46.00109069
3,0,0,1,30.34,34.09,62,15.0013,207,192.2135665
2,0,1,1,24.6,31.06,46,15.0013,125,185.2828357
4,0,0,1,14.76,17.425,62,8.9981,257,89.64516711
2,0,1,1,23.78,27.275,83,16.9979,308,56.69518458
1,0,1,1,9.84,12.88,32,7.0015,157,77.3483551
2,0,1,1,24.6,31.06,53,16.9979,30,155.7308844
1,0,0,1,19.68,23.485,29,19.9995,399,182.744596
4,0,1,2,17.22,21.21,88,16.9979,24,58.9098811
3,0,1,2,23.78,27.275,64,8.9981,568,121.4134876
1,0,0,1,12.3,13.635,33,22.0028,329,97.65992057
3,0,1,1,22.14,25.76,77,0,9,65.44250521
2,0,1,1,23.78,27.275,40,23.9994,553,191.999514
4,0,0,1,11.48,12.88,56,22.0028,8,91.39830082
4,0,1,1,9.84,10.605,60,19.9995,12,64.97918719
2,0,0,1,12.3,15.91,70,7.0015,55,43.71189902
2,0,1,2,24.6,29.545,69,12.998,237,101.0837116
2,0,1,1,24.6,31.06,56,0,226,125.510014
3,0,1,1,29.52,34.85,79,0,23,101.6935719
2,0,1,3,9.84,12.12,93,0,95,20.55428229
4,0,1,2,14.76,17.425,100,8.9981,23,32.58482814
1,0,0,2,17.22,21.21,94,23.9994,2,31.95702297
2,0,1,1,23.78,27.275,49,19.0012,428,144.6373875
1,0,0,2,17.22,21.21,94,6.0032,8,27.71532773
3,0,1,2,22.14,25.76,94,15.0013,13,51.95521455
1,0,1,1,0.82,0.76,34,19.0012,1,41.76687445
1,0,1,2,14.76,16.665,71,19.9995,79,41.2070671
4,0,1,2,20.5,24.24,67,8.9981,238,115.499925
1,0,1,1,12.3,15.15,33,11.0014,92,88.11927107
3,0,1,1,30.34,34.85,70,0,25,130.1381336
4,0,1,1,10.66,12.88,60,12.998,37,69.33006743
1,0,1,1,8.2,8.335,75,27.9993,91,22.41891054
1,0,1,1,7.38,9.09,55,15.0013,39,36.04026411
3,0,1,1,30.34,34.85,66,12.998,131,160.7367023
1,0,1,2,18.04,21.97,51,22.0028,168,95.70229976
1,0,1,2,22.96,26.515,56,15.0013,133,101.7276855
2,0,1,1,26.24,30.305,73,12.998,393,84.9286579
1,0,1,1,7.38,8.335,29,19.9995,62,72.91668455
1,0,1,1,2.46,3.79,45,8.9981,2,33.68796317
2,0,1,1,22.14,25.76,73,26.0027,474,73.38973066
2,0,1,2,21.32,25,77,12.998,9,63.64379014
3,0,0,1,31.16,36.365,66,12.998,356,191.4552154
2,0,1,1,20.5,24.24,27,26.0027,610,234.4426665
1,0,1,1,9.84,12.12,52,11.0014,3,44.66568887
2,0,0,1,28.7,32.575,58,7.0015,363,151.4416874
2,0,1,1,26.24,31.06,41,30.0026,282,240.2854753
3,0,1,2,33.62,39.395,56,11.0014,141,296.3735143
4,0,0,1,13.12,15.15,45,19.9995,62,137.0194214
1,0,0,1,14.76,17.425,62,12.998,10,50.86167905
1,0,1,3,18.04,21.97,0,23.9994,82,432.2140023
4,0,1,1,15.58,19.695,37,16.9979,207,192.9135396
2,0,0,1,14.76,18.18,76,7.0015,7,42.13780103
3,0,1,3,28.7,33.335,89,12.998,5,98.9575376
3,0,0,1,31.16,37.12,75,7.0015,184,148.7723971
1,0,1,1,8.2,9.85,64,16.9979,484,29.92904748
4,0,1,3,18.86,22.725,94,0,82,53.1876786
1,0,1,1,8.2,12.88,86,0,10,16.85764867
4,0,0,1,8.2,12.88,69,0,32,53.37832681
4,0,1,1,11.48,15.15,61,6.0032,139,71.9813108
3,0,1,1,28.7,33.335,79,6.0032,15,98.34059477
3,0,1,1,27.88,31.82,61,12.998,682,156.0504793
4,0,1,2,15.58,19.695,87,0,23,48.64889641
1,0,0,1,13.12,15.91,49,12.998,112,66.49890649
2,0,1,1,27.06,31.06,39,15.0013,494,225.9241436
4,0,1,3,25.42,28.79,83,8.9981,209,107.6586782
3,0,1,1,22.14,25.76,60,12.998,18,114.9354871
3,0,1,1,28.7,33.335,84,0,7,81.90315056
1,0,1,3,9.02,11.365,93,8.9981,7,17.33899897
4,0,1,2,15.58,19.695,94,7.0015,4,42.54147539
1,0,1,2,10.66,11.365,70,22.0028,12,32.25520202
1,0,1,1,5.74,7.575,69,11.0014,179,21.97545213
3,1,0,2,27.06,31.06,74,11.0014,6,114.0508416
4,0,1,2,23.78,27.275,83,15.0013,234,92.91368833
3,0,1,1,23.78,27.275,83,0,312,60.50038268
1,0,0,1,10.66,12.88,44,11.0014,100,63.54815988
2,0,0,1,24.6,28.03,83,0,107,56.76300094
4,0,1,1,22.14,25.76,56,0,179,141.076092
3,0,1,1,32.8,34.85,26,0,214,432.178031
3,0,1,1,31.16,36.365,66,7.0015,343,166.2259221
4,0,1,1,18.04,21.97,82,7.0015,117,59.77804267
3,0,1,1,30.34,34.09,58,11.0014,121,188.9375657
2,0,1,2,20.5,24.24,94,0,103,34.74368392
2,0,1,3,18.86,22.725,94,32.9975,54,46.3400343
1,0,1,1,6.56,9.85,74,6.0032,6,20.80502921
1,0,0,1,6.56,6.06,40,35.0008,111,59.37032831
2,0,0,1,23.78,27.275,49,0,268,136.6913876
1,0,1,1,10.66,15.15,33,0,101,80.30196735
1,0,1,2,10.66,13.635,56,8.9981,103,47.79472062
1,0,1,2,4.92,6.06,50,15.0013,6,39.09112866
3,0,1,1,35.26,42.425,56,27.9993,514,356.8597879
1,0,0,2,8.2,11.365,75,6.0032,20,27.02519654
4,0,0,1,12.3,13.635,52,19.9995,8,104.5366695
1,0,1,2,10.66,12.12,87,16.9979,141,20.34137867
1,0,1,1,9.02,9.85,41,30.0026,83,62.02122688
4,0,0,2,18.04,21.97,77,15.0013,99,89.48214295
1,0,1,1,11.48,11.365,30,35.0008,176,94.80012349
2,0,1,1,18.86,22.725,41,8.9981,16,128.9716194
2,0,0,1,25.42,31.06,46,11.0014,287,197.7507698
3,1,0,2,28.7,33.335,74,15.0013,97,133.144145
2,0,1,1,16.4,20.455,50,8.9981,136,89.12871375
2,0,1,2,12.3,14.395,93,16.9979,54,23.87390775
2,0,1,2,25.42,31.06,57,19.9995,218,160.3458267
4,0,1,1,22.14,25.76,73,0,16,89.02839096
2,0,1,1,16.4,20.455,37,19.9995,291,138.2640055
1,0,1,1,20.5,24.24,34,27.9993,205,161.4168089
3,0,0,2,27.06,30.305,83,11.0014,167,95.80465809
3,0,1,1,29.52,34.09,70,8.9981,5,133.9805563
3,0,0,1,28.7,33.335,79,12.998,198,114.1647605
4,0,0,1,21.32,25,77,0,337,84.13217579
1,0,0,2,18.04,21.97,54,19.9995,215,95.39324032
3,0,1,1,31.16,35.605,58,0,205,187.8027807
1,0,1,1,9.84,11.365,44,12.998,119,54.20163775
3,0,0,1,22.14,25.76,73,15.0013,46,90.20190147
3,1,0,2,28.7,33.335,84,8.9981,121,96.84749915
1,0,0,1,4.1,3.79,42,26.0027,25,46.18402764
2,0,1,1,27.06,31.06,50,7.0015,333,157.4371129
4,0,0,1,13.94,15.15,66,19.9995,329,77.81880561
3,0,1,2,27.88,31.82,61,7.0015,280,166.2637386
3,0,1,1,31.16,35.605,58,35.0008,527,247.7347034
2,0,1,1,16.4,20.455,62,22.0028,191,71.3816424
4,0,0,1,10.66,12.88,70,12.998,101,58.08706538
1,0,0,3,17.22,21.21,88,16.9979,37,39.73806026
1,0,1,1,25.42,31.06,50,11.0014,118,132.3393146
2,0,1,2,28.7,32.575,58,40.9973,194,201.5839514
2,0,1,1,22.96,26.515,88,12.998,24,45.99521024
4,0,1,3,22.96,26.515,88,12.998,94,85.55549421
3,0,1,1,28.7,33.335,79,6.0032,14,98.34059477
3,0,1,3,27.88,31.82,83,30.0026,132,122.8167746
2,0,1,1,17.22,21.21,47,12.998,234,104.0443907
1,0,1,2,13.94,16.665,42,12.998,396,85.24914001
1,0,1,1,18.04,21.97,62,22.0028,62,63.59442046
4,0,0,1,13.12,16.665,57,7.0015,148,96.58558596
4,0,0,1,16.4,20.455,71,0,20,76.938559
4,0,1,2,12.3,14.395,56,19.0012,283,98.44500438
1,1,0,2,6.56,7.575,47,15.0013,47,45.45100281
1,0,1,2,15.58,19.695,40,19.9995,268,111.8549121
2,0,1,1,25.42,31.06,51,22.0028,538,171.5393657
2,0,1,1,30.34,32.575,30,0,333,280.0581397
3,0,0,1,27.88,31.82,89,8.9981,9,77.80214241
2,0,0,2,24.6,29.545,73,16.9979,27,102.8364087
2,0,1,1,18.86,22.725,82,7.0015,515,41.82739013
4,0,1,1,22.96,26.515,52,8.9981,568,176.0320348
4,1,0,2,17.22,21.21,62,12.998,405,113.7454196
3,0,1,2,31.98,36.365,55,6.0032,285,248.9085428
3,0,0,1,30.34,34.85,70,12.998,328,158.4289689
3,0,1,1,31.16,33.335,31,15.0013,217,390.8006195
4,0,1,1,9.84,10.605,60,19.9995,1,64.97918719
2,0,1,1,27.06,31.06,50,16.9979,86,170.3966506
1,0,0,2,13.94,16.665,61,11.0014,143,55.0989916
3,0,1,1,34.44,37.88,41,19.9995,126,396.6177738
4,0,1,1,26.24,31.06,57,8.9981,761,196.622453
3,0,0,2,25.42,27.275,94,0,83,55.44122261
1,0,1,2,9.84,12.88,93,7.0015,197,16.56584926
3,0,1,1,32.8,34.85,31,15.0013,830,425.025686
2,0,1,1,26.24,28.79,89,6.0032,3,48.1868052
4,0,1,1,20.5,24.24,45,11.0014,528,190.5690852
4,0,0,1,20.5,24.24,36,12.998,615,271.3421815
2,0,0,1,28.7,33.335,74,11.0014,256,105.4009382
2,0,1,2,33.62,40.15,59,15.0013,112,240.2053954
2,0,0,1,19.68,23.485,20,12.998,182,269.3103351
4,0,1,1,14.76,16.665,46,16.9979,227,128.9453514
3,0,1,1,28.7,33.335,79,7.0015,30,99.12053083
2,0,0,1,30.34,34.09,58,11.0014,264,170.0010302
2,0,1,1,25.42,31.06,41,15.0013,162,212.767411
4,0,1,1,14.76,16.665,43,23.9994,167,147.8250808
4,0,1,1,24.6,31.06,53,23.9994,213,245.296433
1,0,1,1,15.58,19.695,76,19.9995,133,37.76978391
1,0,0,3,8.2,12.88,100,0,4,15.81954703
2,0,0,1,13.12,15.15,61,16.9979,77,58.21665094
4,0,1,2,22.96,26.515,88,15.0013,55,77.80227834
4,0,1,3,18.86,22.725,94,0,36,53.1876786
2,0,0,2,22.96,26.515,88,12.998,272,56.44344255
3,0,1,1,27.88,31.82,44,7.0015,297,235.8208749
2,0,0,1,22.14,25.76,68,12.998,47,83.27316553
3,0,0,2,21.32,25,72,12.998,297,97.7114875
2,0,1,1,15.58,19.695,40,32.9975,267,135.4601814
3,0,1,1,33.62,37.12,43,12.998,308,340.8035266
4,0,0,1,9.02,12.88,75,6.0032,4,47.72022586
2,0,0,1,21.32,25,45,12.998,564,148.8352336
3,0,0,2,21.32,25,68,15.0013,367,110.6296095
1,0,0,2,9.84,12.88,81,7.0015,183,25.18244274
1,0,1,1,8.2,10.605,69,8.9981,84,25.5096561
2,0,1,1,13.94,15.91,39,19.0012,12,101.9021644
3,0,1,1,31.98,34.85,40,19.0012,413,342.8074762
4,0,1,3,22.14,25.76,94,6.0032,43,65.98931836
4,0,1,3,22.96,26.515,94,11.0014,181,71.58542357
3,0,0,1,22.14,25.76,68,16.9979,305,104.9249353
3,0,1,3,33.62,37.88,46,8.9981,158,395.161737
2,0,1,1,12.3,15.91,61,6.0032,100,50.37914403
1,0,1,1,13.12,14.395,49,32.9975,20,65.59364052
2,0,1,1,37.72,43.94,40,11.0014,128,429.8804265
4,0,1,1,9.84,14.395,75,0,15,44.92648779
3,0,1,2,27.88,31.82,89,8.9981,88,79.13544604
4,0,1,3,22.14,25.76,94,7.0015,90,66.5126775
3,0,0,2,26.24,30.305,69,16.9979,74,146.3423197
4,0,0,1,19.68,23.485,41,11.0014,135,223.7073775
4,0,1,1,9.84,12.88,65,6.0032,2,57.12328269
2,0,1,1,20.5,24.24,27,16.9979,618,218.3184698
1,0,1,2,8.2,9.85,55,15.0013,108,41.99659714
4,0,0,2,16.4,20.455,87,16.9979,103,63.75806668
2,0,0,2,20.5,24.24,63,11.0014,332,96.38584043
2,0,1,2,17.22,21.21,77,0,6,46.54584239
4,0,1,1,22.96,26.515,54,26.0027,7,190.7698185
2,0,1,2,18.04,21.97,54,16.9979,157,103.5306575
3,0,0,3,27.88,31.82,79,23.9994,358,143.3602505
1,0,1,1,13.94,16.665,61,12.998,3,45.6146495
3,0,1,2,27.06,31.06,65,8.9981,160,145.3222194
2,0,1,1,21.32,25,48,27.9993,272,140.6753895
1,0,0,1,10.66,12.88,41,12.998,26,70.023759
3,0,1,1,31.16,36.365,70,15.0013,552,158.9095355
2,0,1,1,15.58,19.695,76,8.9981,21,42.26337792
4,0,1,2,22.96,26.515,88,15.0013,146,77.80227834
1,0,1,2,12.3,16.665,70,0,3,35.82577996
2,0,0,2,30.34,34.09,58,6.0032,296,182.5638463
4,0,1,3,24.6,27.275,88,8.9981,163,86.7073972
1,0,1,2,6.56,9.09,64,7.0015,8,29.53416693
1,0,0,1,5.74,3.79,43,43.0006,48,51.72303304
1,0,0,1,9.84,14.395,81,0,16,23.0578636
2,0,1,2,22.14,25.76,77,11.0014,26,65.34019152
3,0,1,3,25.42,27.275,94,6.0032,14,59.13479283
2,0,1,1,27.06,31.06,47,15.0013,237,181.9199553
1,0,0,1,10.66,13.635,56,8.9981,23,46.98945728
1,0,1,3,9.84,12.88,87,7.0015,161,21.77286728
1,0,1,2,22.96,26.515,78,8.9981,54,53.46653562
4,0,1,1,21.32,25,48,12.998,267,186.1740333
2,0,1,1,18.86,22.725,28,26.0027,282,209.8052883
3,0,1,3,31.16,36.365,66,39.0007,755,267.2689905
1,0,1,1,22.96,26.515,35,19.9995,600,167.2792176
2,0,1,1,21.32,25,25,0,331,210.1268219
2,0,0,1,22.14,25.76,30,23.9994,343,254.2165203
4,0,1,2,23.78,27.275,94,23.9994,69,74.06954559
2,0,1,1,29.52,32.575,45,7.0015,446,196.6242008
1,0,1,3,9.84,12.12,87,8.9981,125,21.2696203
1,0,0,1,4.92,5.305,42,19.9995,124,47.75869768
2,0,1,1,20.5,24.24,29,8.9981,286,194.1232452
4,0,1,2,18.04,21.97,94,7.0015,4,48.25678965
4,0,0,2,10.66,14.395,93,6.0032,93,35.61372753
1,0,0,1,17.22,21.21,54,6.0032,112,73.28099327
3,0,1,2,26.24,28.79,89,8.9981,118,67.29582896
2,0,0,1,24.6,30.305,60,12.998,153,131.8747773
1,0,1,1,6.56,8.335,55,11.0014,99,33.48634882
2,0,1,1,25.42,31.06,46,23.9994,224,199.5385523
4,0,1,1,19.68,23.485,33,32.9975,218,301.019336
2,0,1,1,22.96,26.515,26,16.9979,463,254.4465961
4,0,0,2,17.22,21.21,82,8.9981,51,71.45262829
3,0,1,2,24.6,27.275,88,6.0032,106,62.08635101
1,0,0,1,10.66,12.88,41,15.0013,40,71.14264756
4,0,0,1,10.66,12.88,65,12.998,49,66.50907016
2,0,1,2,21.32,25,77,8.9981,34,61.66089941
1,0,1,1,22.14,25.76,19,27.9993,110,263.5875954
4,0,1,1,14.76,17.425,50,15.0013,168,118.4460074
1,0,0,2,18.04,21.97,94,0,69,27.56609073
3,0,1,1,32.8,37.88,55,15.0013,244,259.4264257
2,0,1,1,15.58,19.695,43,19.0012,29,111.7971345
2,0,1,3,15.58,19.695,94,15.0013,34,33.97740348
4,0,1,1,12.3,16.665,81,0,251,43.30865155
3,0,1,1,26.24,30.305,69,12.998,15,115.5374742
3,0,0,1,26.24,31.06,44,11.0014,596,255.5846072
4,0,0,2,12.3,15.91,70,7.0015,133,72.77710543
4,0,0,1,9.84,11.365,60,16.9979,41,72.48314726
4,0,0,1,13.94,16.665,53,12.998,67,113.1956422
1,0,1,1,9.02,10.605,64,16.9979,110,31.20806799
3,0,1,2,30.34,33.335,51,16.9979,15,257.3254686
3,0,1,2,31.16,36.365,70,11.0014,412,172.0061481
1,0,1,1,4.1,3.79,36,23.9994,17,48.68646428
4,0,1,1,29.52,32.575,37,0,634,344.280651
3,0,1,2,30.34,34.85,66,8.9981,13,173.9839018
4,0,1,2,22.14,25.76,94,0,4,56.32519032
3,1,0,1,26.24,28.79,83,8.9981,140,69.84481086
1,0,1,1,9.02,12.88,41,6.0032,15,59.96657182
4,0,1,1,22.14,25.76,56,7.0015,888,149.1128228
1,0,0,1,16.4,20.455,58,7.0015,86,63.56338184
2,0,0,2,14.76,17.425,93,8.9981,75,29.02974578
3,0,1,1,27.06,31.06,69,0,6,108.6994958
4,0,1,2,25.42,27.275,94,0,25,61.61685976
3,0,0,3,27.06,30.305,78,11.0014,163,122.5542164
1,0,1,1,9.02,12.12,41,7.0015,90,58.1195904
3,0,0,1,27.06,31.06,65,19.0012,292,154.6427221
1,0,1,1,22.14,25.76,60,7.0015,39,73.55148943
1,0,1,1,18.04,21.97,62,22.0028,46,63.59442046
4,0,1,1,9.84,10.605,93,26.0027,16,27.88146261
1,1,0,2,6.56,9.09,50,8.9981,13,43.20706806
3,0,1,1,24.6,27.275,88,7.0015,26,56.012729
4,0,1,3,13.94,15.91,61,19.0012,168,104.470186
2,0,0,2,22.96,26.515,83,8.9981,134,62.61361151
3,0,1,1,32.8,38.635,59,0,186,214.9436591
4,0,0,1,16.4,20.455,37,7.0015,355,204.1998467
2,0,1,1,19.68,23.485,77,19.9995,569,55.36272783
3,0,0,3,23.78,27.275,88,7.0015,215,76.57012046
2,0,1,1,22.96,26.515,26,26.0027,533,273.239083
1,0,0,1,13.94,18.18,25,0,406,129.565403
1,0,0,1,10.66,13.635,60,7.0015,58,41.5047402
3,0,0,1,37.72,41.665,33,16.9979,444,649.7183828
1,0,0,2,20.5,24.24,77,6.0032,443,51.94751556
1,0,1,2,3.28,6.06,42,6.0032,46,44.94696855
3,0,1,2,25.42,25.76,100,16.9979,8,45.39446595
3,0,1,3,25.42,28.79,83,16.9979,129,93.95371284
1,0,0,1,6.56,7.575,47,12.998,50,44.62260359
4,0,1,1,13.12,17.425,93,0,4,32.63902304
4,0,1,1,22.14,25.76,68,19.0012,28,118.4759159
1,0,1,1,10.66,11.365,33,22.0028,79,78.63035404
1,0,0,1,9.84,12.88,87,7.0015,224,19.16001898
2,0,1,1,22.14,25.76,88,16.9979,174,45.52865282
2,0,0,2,20.5,24.24,72,0,266,69.2409305
1,0,0,1,14.76,15.91,29,32.9975,299,134.6753531
2,0,1,2,18.04,21.97,62,23.9994,124,88.11467406
2,0,1,1,22.96,26.515,21,19.9995,203,298.341368
4,0,0,2,18.04,21.97,62,19.9995,5,139.7390109
3,0,1,1,27.88,31.82,74,15.0013,277,111.4977145
4,0,1,3,25.42,28.03,88,8.9981,374,90.41284555
1,0,1,1,24.6,31.06,40,6.0032,288,166.282411
4,0,1,3,26.24,28.79,89,7.0015,39,90.34293968
4,0,1,1,17.22,21.21,77,7.0015,128,65.62316697
1,0,1,1,14.76,15.91,50,35.0008,43,70.54171006
3,0,1,1,28.7,32.575,54,11.0014,487,193.5974061
3,0,1,2,26.24,29.545,78,8.9981,4,94.24467559
4,0,1,1,16.4,20.455,87,0,10,45.41703162
2,0,1,3,22.96,26.515,94,15.0013,24,49.58106679
4,0,0,1,15.58,19.695,76,12.998,151,71.40456713
1,0,1,1,9.84,12.88,44,0,129,52.87690842
4,0,1,2,16.4,20.455,82,0,43,58.09789244
4,0,1,1,20.5,24.24,42,19.0012,286,220.2042379
3,0,1,1,30.34,32.575,35,12.998,371,330.935642
4,0,1,2,10.66,13.635,70,8.9981,11,59.51387973
2,0,1,1,18.86,22.725,47,6.0032,39,107.0631604
4,0,0,1,16.4,20.455,62,0,189,98.1717743
4,0,1,1,29.52,33.335,54,19.0012,325,262.6063933
4,0,1,2,24.6,28.79,78,19.0012,185,119.074502
4,0,0,1,18.04,21.97,86,0,44,55.74419668
3,0,0,2,27.88,31.82,34,19.0012,654,417.1810296
2,0,1,1,26.24,30.305,65,0,211,95.16280556
3,0,0,1,29.52,35.605,84,6.0032,356,106.3626248
3,0,0,1,30.34,34.85,70,0,474,142.9437817
2,0,0,1,26.24,30.305,73,11.0014,165,91.82340169
3,0,1,1,31.16,37.12,75,15.0013,839,144.2959117
2,0,1,1,31.16,37.12,75,12.998,116,116.343458
1,0,0,1,11.48,14.395,61,8.9981,21,42.80405705
3,0,1,1,27.06,30.305,83,0,183,71.56126165
3,0,1,1,27.06,31.06,69,0,20,108.6994958
3,0,0,1,21.32,25,77,16.9979,28,78.8406457
3,0,0,1,26.24,31.06,47,11.0014,559,235.6426133
1,0,1,1,13.94,17.425,49,7.0015,107,62.60910662
3,0,1,1,29.52,33.335,58,15.0013,391,187.021057
2,0,1,1,14.76,18.18,81,6.0032,82,33.2413724
1,0,1,2,6.56,11.365,93,0,47,14.32699934
3,0,1,2,28.7,33.335,84,6.0032,200,95.95587776
4,1,0,2,15.58,19.695,68,8.9981,298,86.13230622
3,0,0,1,31.16,34.09,40,7.0015,513,328.3118012
2,0,1,2,19.68,23.485,55,8.9981,363,102.8670435
1,0,1,1,17.22,21.21,38,19.9995,106,114.9464011
4,0,1,1,18.86,22.725,59,19.0012,30,127.7735152
2,0,1,1,21.32,25,100,15.0013,9,31.0465839
2,1,0,1,16.4,20.455,76,0,18,40.46238375
4,0,1,2,16.4,20.455,50,15.0013,185,155.612158
3,0,1,2,22.96,26.515,68,19.0012,26,113.0620353
4,1,0,2,22.14,25.76,77,15.0013,63,99.06174118
1,0,1,2,13.94,15.91,71,19.0012,152,39.2072993
4,0,1,1,21.32,25,43,11.0014,499,209.82584
2,0,1,2,22.14,25.76,68,15.0013,189,86.05362608
4,0,0,1,20.5,24.24,63,26.0027,130,144.7711049
1,0,1,1,15.58,19.695,40,12.998,271,94.72253186
3,0,0,1,35.26,39.395,44,19.9995,366,435.5554535
1,0,1,1,8.2,9.09,32,22.0028,30,71.22043801
4,0,1,1,22.14,25.76,39,19.0012,423,259.8234992
3,0,0,2,22.14,25.76,68,7.0015,245,108.3091045
1,0,0,1,13.94,15.91,27,19.0012,379,126.8937122
4,0,1,2,18.04,21.97,94,19.0012,86,53.06363121
1,0,0,2,14.76,17.425,66,8.9981,75,49.40188873
4,0,1,1,17.22,21.21,67,6.0032,525,85.35506102
4,0,1,1,21.32,25,59,22.0028,221,148.4233101
3,0,1,1,30.34,33.335,51,11.0014,483,219.6518287
3,0,0,2,27.06,29.545,89,19.0012,34,83.42568694
3,0,1,2,28.7,32.575,54,11.0014,95,216.2916363
4,0,1,1,22.96,26.515,56,19.9995,199,172.3289762
2,0,1,1,26.24,29.545,78,7.0015,232,68.01858588
3,0,0,1,30.34,34.85,66,11.0014,264,173.7857532
3,0,1,1,26.24,30.305,65,16.9979,564,132.8954772
4,0,1,2,11.48,13.635,75,11.0014,84,52.96267419
4,0,1,1,13.94,16.665,81,8.9981,5,46.77725899
3,0,1,1,28.7,31.82,28,8.9981,536,370.5756778
4,0,0,1,17.22,21.21,58,12.998,203,126.436105
2,0,1,3,22.96,26.515,94,15.0013,8,49.58106679
1,0,0,2,13.12,15.15,45,19.0012,212,83.48513714
2,0,0,1,9.84,12.12,70,11.0014,5,36.78552864
1,0,1,2,13.94,17.425,81,7.0015,144,29.40684836
4,0,1,2,18.04,21.97,67,30.0026,162,120.2631274
2,0,1,2,25.42,30.305,69,11.0014,172,103.7780601
2,0,1,1,21.32,25,48,23.9994,28,136.2924964
2,0,0,1,13.94,16.665,81,8.9981,137,34.47787982
2,0,0,1,25.42,30.305,61,7.0015,244,122.7614966
4,0,1,1,9.02,12.12,64,7.0015,4,56.71765784
3,0,1,2,31.16,35.605,58,23.9994,290,253.6993119
1,0,1,1,6.56,6.82,47,19.9995,133,41.30002128
2,0,1,1,25.42,31.06,41,6.0032,303,198.1444721
2,0,0,1,28.7,33.335,74,7.0015,223,102.1170586
4,0,1,1,16.4,20.455,43,12.998,299,165.7069589
2,0,1,1,20.5,24.24,100,6.0032,13,27.72073414
2,0,1,3,19.68,23.485,44,19.9995,265,168.8835577
4,0,0,2,12.3,15.91,75,6.0032,170,63.06124631
2,0,1,1,23.78,27.275,83,8.9981,11,53.21741975
1,0,1,1,4.92,6.06,33,16.9979,115,56.32802076
1,0,1,2,7.38,8.335,47,19.9995,170,50.03592365
1,0,1,1,9.84,12.88,75,7.0015,2,24.1411913
4,1,0,1,17.22,21.21,71,7.0015,49,76.09276685
1,0,1,2,18.86,22.725,82,12.998,1,40.14035972
4,0,0,1,11.48,15.91,75,0,75,53.66894959
1,0,1,2,12.3,15.15,56,8.9981,241,51.98042917
2,0,1,1,24.6,31.06,40,23.9994,461,234.0561544
1,0,1,1,10.66,11.365,37,26.0027,120,72.82747601
2,0,1,2,22.14,25.76,88,15.0013,265,50.06836559
2,0,0,2,30.34,34.09,55,6.0032,396,198.0138833
1,0,1,2,8.2,9.85,37,16.9979,59,69.46417207
2,0,1,2,31.16,34.09,48,12.998,123,230.9744752
4,0,0,1,18.04,21.97,88,0,20,52.80549101
3,0,1,1,34.44,39.395,49,11.0014,175,321.580491
3,0,1,2,27.06,29.545,94,15.0013,102,64.26751059
1,0,0,2,6.56,8.335,74,11.0014,2,24.56536436
4,0,1,2,17.22,21.21,94,8.9981,54,47.00391784
1,0,1,1,10.66,12.12,38,19.0012,206,69.72345639
3,0,1,1,25.42,29.545,78,6.0032,8,82.1402057
3,0,1,3,28.7,33.335,79,6.0032,43,122.747658
4,0,0,2,13.94,15.15,46,19.9995,142,149.4274941
4,1,0,2,17.22,21.21,63,11.0014,341,108.9712799
2,0,1,2,26.24,31.06,50,19.0012,91,192.8489899
3,0,0,3,26.24,29.545,78,11.0014,272,117.5012028
1,0,1,1,15.58,19.695,43,12.998,118,87.33180449
3,0,0,1,33.62,39.395,56,0,219,267.0866253
3,0,1,1,34.44,35.605,26,19.9995,584,529.4635335
1,0,0,1,7.38,8.335,40,19.9995,234,59.4599362
1,0,1,1,4.92,8.335,54,6.0032,206,32.8786636
1,0,1,1,9.02,11.365,69,8.9981,3,26.60667159
1,0,1,1,13.94,15.15,46,19.9995,98,66.93407403
2,0,1,2,24.6,28.79,78,8.9981,15,73.82218574
4,0,0,1,22.14,25.76,45,30.0026,322,264.6580717
2,0,1,1,28.7,32.575,48,27.9993,544,213.4269775
1,0,0,1,9.84,10.605,41,19.9995,231,65.62934543
4,0,0,1,25.42,31.06,50,6.0032,465,254.1879591
1,0,1,1,8.2,9.09,34,19.9995,58,66.40479826
3,0,1,1,27.88,31.82,51,0,151,184.5859577
2,0,1,2,22.14,25.76,88,12.998,349,49.28092059
4,0,1,1,17.22,21.21,44,8.9981,654,162.9327049
4,0,0,1,16.4,20.455,58,11.0014,101,119.3536056
2,0,1,2,24.6,28.03,83,8.9981,622,61.99661735
4,0,1,2,17.22,21.21,58,12.998,619,128.6028541
4,0,1,1,14.76,18.94,81,0,96,49.12703353
1,0,1,1,16.4,20.455,40,15.0013,222,100.3746042
4,0,1,1,24.6,31.06,56,0,268,187.0394816
4,0,1,2,13.94,15.15,42,23.9994,173,156.4793925
2,0,1,1,19.68,23.485,77,0,38,47.25922348
2,0,0,1,21.32,25,63,8.9981,86,88.56750065
2,0,1,2,19.68,23.485,77,15.0013,710,59.45394871
1,0,1,1,9.84,11.365,75,12.998,11,23.41226767
2,0,1,1,20.5,24.24,31,22.0028,224,203.8211841
2,0,1,2,24.6,28.03,83,0,454,57.73575455
2,0,0,1,13.12,15.91,36,12.998,19,115.4318627
4,0,0,3,16.4,20.455,87,11.0014,69,67.93093224
3,0,1,1,28.7,32.575,54,12.998,571,196.6804129
4,0,1,1,21.32,25,59,11.0014,884,136.0486893
2,0,0,1,26.24,31.06,38,19.9995,647,264.4795608
2,0,1,2,21.32,25,83,15.0013,132,54.96407323
3,0,1,3,25.42,27.275,94,8.9981,195,60.55296947
1,0,1,1,10.66,13.635,65,8.9981,28,33.52718904
4,0,1,1,13.94,15.91,49,16.9979,102,114.0120718
4,1,0,2,21.32,25,77,19.0012,304,98.03162275
1,0,1,3,13.12,15.15,81,16.9979,68,31.53070577
4,0,1,3,18.04,21.97,100,7.0015,46,45.82863166
1,0,1,2,14.76,18.18,57,6.0032,60,58.26913812
2,0,1,1,26.24,31.06,38,12.998,270,227.8084611
3,0,0,1,32.8,37.12,49,23.9994,430,346.1324502
2,0,1,3,19.68,23.485,82,12.998,55,57.09983502
4,0,0,1,9.02,11.365,55,12.998,105,80.17220398
2,0,1,1,25.42,28.79,83,0,6,53.90022762
4,0,0,1,27.88,31.82,51,11.0014,407,270.0191461
3,0,0,1,30.34,34.09,58,7.0015,350,201.0633107
4,0,0,2,15.58,19.695,76,8.9981,310,77.28941193
3,0,1,1,33.62,38.635,49,11.0014,505,308.3214563
2,0,1,2,21.32,25,55,7.0015,109,110.1221329
1,0,1,2,9.84,12.12,87,8.9981,12,19.03792208
2,0,1,1,32.8,40.15,66,8.9981,202,169.1302487
2,0,1,1,21.32,25,77,15.0013,239,57.87625822
1,0,1,1,16.4,20.455,40,15.0013,124,100.3746042
3,0,1,1,25.42,28.03,88,0,8,55.25850737
1,0,0,2,18.86,22.725,88,19.9995,39,39.61337058
1,0,1,1,18.86,22.725,72,31.0009,301,54.31418537
3,0,0,1,31.16,36.365,70,6.0032,285,162.5501983
4,0,1,3,19.68,23.485,100,15.0013,75,53.0993474
3,0,0,1,26.24,30.305,65,8.9981,39,137.0182875
2,0,1,2,24.6,30.305,60,19.0012,11,140.6604557
4,0,1,2,23.78,27.275,64,22.0028,890,164.2807753
3,0,0,1,23.78,27.275,60,35.0008,16,163.4143796
2,0,1,1,18.86,22.725,88,7.0015,170,35.55486541
4,0,1,2,14.76,17.425,57,15.0013,563,109.4809613
2,0,0,2,24.6,30.305,64,6.0032,558,125.0898966
2,0,1,3,15.58,19.695,87,39.0007,157,49.65800666
1,0,1,2,9.02,11.365,55,11.0014,230,44.12242525
2,0,1,1,21.32,25,94,7.0015,29,34.28334504
2,0,0,2,12.3,16.665,61,0,32,61.29519006
3,0,1,2,25.42,28.79,83,7.0015,220,77.69978521
3,0,1,1,37.72,40.91,29,12.998,123,614.2623895
1,0,1,1,4.1,3.79,46,26.0027,18,37.73027396
2,0,1,2,21.32,25,83,12.998,270,54.0996315
4,0,1,2,16.4,20.455,62,19.0012,242,116.0556395
1,0,1,1,27.06,31.06,27,15.0013,254,256.1289358
4,0,1,1,16.4,20.455,50,26.0027,562,151.9536317
2,0,1,2,28.7,32.575,61,19.9995,159,157.4031438
2,0,1,3,22.14,25.76,88,15.0013,156,55.93757137
3,0,1,1,32.8,35.605,36,12.998,439,379.8696903
2,0,1,1,18.04,21.97,58,6.0032,3,76.22596001
2,0,1,2,26.24,31.06,47,15.0013,48,202.6525406
2,0,1,2,22.14,25.76,88,19.0012,98,51.67846371
2,0,0,1,27.06,31.06,36,12.998,615,264.9229606
1,0,1,1,9.84,9.85,52,32.9975,135,47.28659368
3,0,1,1,29.52,32.575,37,15.0013,148,317.569723
3,0,0,2,32.8,38.635,59,22.0028,441,313.9359311
4,0,0,1,14.76,17.425,66,15.0013,276,84.3561036
1,0,0,2,18.04,21.97,77,22.0028,70,51.98949265
1,0,0,1,14.76,16.665,43,19.0012,299,85.79253143
1,0,1,2,7.38,9.85,93,11.0014,222,14.49801343
2,0,0,1,26.24,31.06,36,11.0014,559,260.0096956
4,0,1,1,11.48,13.635,52,15.0013,318,91.21421347
3,0,1,2,25.42,29.545,73,7.0015,486,105.9078635
4,0,1,3,23.78,27.275,88,8.9981,86,86.45451321
4,0,1,2,15.58,19.695,54,7.0015,245,125.6678163
4,0,1,1,18.04,21.97,38,19.9995,642,218.1040307
3,0,1,1,30.34,35.605,74,15.0013,436,136.7171073
2,0,0,1,17.22,21.21,82,0,10,39.96685328
4,0,1,2,15.58,19.695,87,6.0032,135,51.01569121
3,0,1,2,22.14,25.76,83,23.9994,172,75.14765952
4,0,0,1,21.32,25,45,0,567,200.1203885
4,0,1,1,13.12,16.665,81,6.0032,4,45.54848372
2,0,1,1,16.4,20.455,35,15.0013,158,140.2984076
3,0,0,1,26.24,29.545,78,0,175,86.2887499
3,0,1,2,31.16,35.605,58,15.0013,144,236.2632322
4,0,1,1,13.94,15.91,46,16.9979,124,123.6607003
4,0,1,2,16.4,20.455,87,8.9981,7,54.48564373
2,0,1,2,18.86,22.725,88,16.9979,21,42.99254632
3,0,1,1,26.24,28.79,89,7.0015,486,59.29067273
3,0,1,2,27.06,31.06,61,0,11,150.8169055
3,0,0,1,32.8,35.605,36,0,271,376.4662156
3,0,0,1,20.5,24.24,72,0,8,75.65718171
2,0,0,2,22.14,25.76,68,8.9981,94,90.13616709
4,0,1,1,20.5,24.24,72,8.9981,166,90.29008668
3,0,1,1,30.34,33.335,48,15.0013,633,245.9018903
1,0,0,2,17.22,21.21,94,0,2,26.42951758
1,0,1,1,14.76,17.425,71,15.0013,12,36.86990426
2,0,0,1,27.06,31.06,54,19.9995,580,171.9871447
2,1,0,1,25.42,30.305,69,16.9979,224,96.00582312
2,0,0,1,25.42,31.06,53,19.9995,280,175.6787832
4,0,0,1,14.76,16.665,43,16.9979,227,153.6198185
3,0,1,1,33.62,36.365,36,8.9981,304,383.8613693
1,0,0,1,18.86,22.725,36,30.0026,196,156.8966042
3,0,1,2,31.16,35.605,58,15.0013,147,236.2632322
2,0,0,2,24.6,30.305,64,0,565,119.2865426
4,0,1,1,9.02,12.88,80,6.0032,23,37.94375931
2,0,1,1,23.78,27.275,49,15.0013,279,140.1310542
3,0,1,1,27.88,31.82,79,12.998,177,95.84730864
3,0,0,1,28.7,33.335,84,15.0013,49,101.3013498
3,0,0,1,31.98,37.88,66,22.0028,361,222.9486406
2,0,1,1,13.12,15.15,66,15.0013,9,45.56417455
2,0,0,1,26.24,31.06,57,15.0013,190,151.9741329
4,0,1,3,18.04,21.97,100,15.0013,173,48.8235383
3,0,0,2,39.36,43.18,30,8.9981,308,803.7366727
1,0,0,1,20.5,24.24,31,26.0027,304,189.2904649
4,0,1,1,11.48,12.88,52,22.0028,156,92.72964139
2,0,0,2,22.96,26.515,88,15.0013,304,57.34533533
1,0,1,1,9.84,10.605,41,19.0012,102,59.27978099
2,0,0,1,29.52,34.09,62,8.9981,311,149.7122436
3,0,0,1,18.86,22.725,72,7.0015,80,73.52783812
1,0,1,1,8.2,9.09,47,22.0028,44,47.44607816
3,0,1,1,22.96,26.515,64,7.0015,216,102.5602852
1,0,0,2,8.2,11.365,69,7.0015,12,32.0450813
2,1,0,1,30.34,32.575,37,19.9995,375,267.5355782
3,0,0,1,33.62,38.635,57,12.998,396,277.040789
2,0,1,1,13.94,15.15,46,27.9993,167,87.04965922
4,0,1,2,15.58,19.695,50,15.0013,358,149.1961376
3,0,0,1,33.62,39.395,56,27.9993,437,333.3307653
1,0,1,1,13.94,15.91,46,15.0013,2,66.90949571
4,0,1,1,18.86,22.725,41,23.9994,520,216.4227921
1,0,1,1,14.76,17.425,46,12.998,118,71.41584969
1,0,1,3,6.56,9.85,86,6.0032,20,18.7639928
2,0,0,1,21.32,25,48,7.0015,148,130.8630784
4,0,0,1,15.58,19.695,87,7.0015,113,50.55394661
3,0,1,2,27.06,29.545,89,0,38,65.34900618
1,0,1,1,6.56,6.82,47,19.0012,3,40.97504949
4,0,1,2,19.68,23.485,69,12.998,260,108.3012122
3,0,1,1,32.8,40.15,66,0,513,192.2762287
3,0,1,2,31.16,34.09,40,7.0015,379,333.9381156
2,0,0,3,16.4,20.455,82,22.0028,10,56.94057568
2,0,1,2,18.04,21.97,77,12.998,61,53.80667654
1,0,0,1,13.94,15.15,29,23.9994,59,120.2483233
2,0,1,2,32.8,36.365,43,16.9979,196,308.7372332
3,0,0,2,20.5,24.24,72,12.998,170,93.68276053
4,0,1,3,11.48,13.635,65,15.0013,40,80.06803262
4,0,1,2,15.58,19.695,54,11.0014,201,129.709041
4,0,1,1,13.94,15.15,46,27.9993,198,129.7244945
2,0,1,2,32.8,36.365,43,19.9995,831,316.1581627
2,0,1,1,29.52,32.575,34,15.0013,466,282.1580845
1,0,1,2,6.56,7.575,86,15.0013,136,16.03864869
3,0,1,1,29.52,32.575,39,8.9981,274,286.8717163
4,0,1,2,22.14,25.76,94,8.9981,15,60.48195435
3,0,1,2,35.26,39.395,41,15.0013,492,461.8775461
3,0,1,1,31.98,34.85,46,16.9979,295,286.8163826
1,0,0,1,10.66,12.88,60,15.0013,1,42.52893927
1,0,1,1,12.3,14.395,70,12.998,44,31.61522726
1,0,1,2,14.76,18.18,50,7.0015,77,70.98905568
1,0,0,1,4.92,6.06,54,19.0012,17,35.59620828
4,0,1,3,25.42,27.275,94,6.0032,133,72.18891853
4,1,0,2,14.76,17.425,71,15.0013,397,73.86165457
1,0,1,1,18.86,22.725,67,11.0014,174,53.08646554
4,1,0,2,17.22,21.21,58,7.0015,420,120.8835797
3,0,0,1,21.32,25,77,12.998,35,76.38428059
1,0,1,3,12.3,14.395,75,16.9979,57,35.57307695
2,0,1,1,20.5,24.24,59,0,79,80.2316556
3,0,1,2,32.8,37.12,52,12.998,253,297.5316702
4,0,1,1,13.94,15.15,66,27.9993,380,75.47727754
1,0,1,2,9.84,14.395,75,0,176,27.59054583
4,0,1,1,21.32,25,77,7.0015,229,80.95860159
4,0,1,1,14.76,17.425,46,15.0013,137,131.9962455
1,0,1,1,8.2,9.09,40,22.0028,51,57.34853606
4,0,1,2,21.32,25,63,0,340,125.0217723
3,0,1,1,31.16,34.09,43,6.0032,118,273.4098442
1,0,0,1,17.22,21.21,54,15.0013,147,78.68908502
1,0,1,1,13.12,15.15,36,15.0013,136,84.10168394
1,0,1,1,12.3,15.15,42,11.0014,214,69.06027506
1,0,1,1,9.02,10.605,44,16.9979,40,53.63800839
4,0,1,2,15.58,19.695,50,15.0013,254,149.1961376
3,0,1,2,32.8,37.12,49,11.0014,43,317.6526531
1,0,1,1,12.3,14.395,70,12.998,23,31.61522726
1,0,1,3,9.02,10.605,93,15.0013,49,17.4838607
2,0,1,1,11.48,14.395,52,8.9981,321,60.70078236
4,0,0,1,13.12,17.425,66,0,165,74.47759104
4,0,1,1,11.48,15.15,75,6.0032,134,49.26922361
1,0,0,2,15.58,19.695,34,12.998,76,136.7464031
4,0,0,2,15.58,19.695,82,7.0015,400,64.66908224
4,0,1,1,9.02,12.88,44,6.0032,71,100.5797902
4,0,1,1,22.96,26.515,64,19.9995,61,138.7637423
1,0,1,1,22.96,26.515,21,43.9989,90,295.5038202
4,0,1,1,20.5,24.24,45,8.9981,186,187.5719298
1,0,0,1,18.86,22.725,41,26.0027,256,132.7595966
3,0,0,2,25.42,29.545,78,12.998,76,106.5357132
1,0,0,1,5.74,6.82,43,15.0013,23,48.4514382
1,1,0,2,7.38,9.85,43,8.9981,3,54.47067517
1,0,1,3,9.02,11.365,93,8.9981,3,17.33899897
4,0,1,1,12.3,13.635,52,22.0028,224,96.69245088
1,0,0,1,26.24,31.06,50,0,685,133.6319493
3,0,1,1,27.06,31.06,50,8.9981,261,195.2522962
2,0,1,3,20.5,24.24,82,19.9995,79,62.93183752
1,0,1,1,6.56,6.82,55,19.0012,354,32.99416809
3,0,0,1,28.7,33.335,79,15.0013,183,115.9889648
2,0,0,1,23.78,27.275,23,11.0014,483,301.5201854
2,0,0,1,31.16,34.09,48,11.0014,363,223.5233581
4,0,1,1,17.22,21.21,50,12.998,213,142.9528174
3,0,0,2,28.7,33.335,79,15.0013,281,129.585636
4,0,1,1,21.32,25,52,11.0014,162,164.4433738
4,0,0,1,22.14,25.76,49,26.0027,610,230.0900359
2,0,1,2,20.5,24.24,88,8.9981,4,43.88951096
2,0,1,1,24.6,30.305,60,19.0012,506,125.9017678
1,0,1,1,8.2,10.605,80,8.9981,2,18.93831935
3,0,1,1,32.8,38.635,59,16.9979,354,245.8895916
1,0,1,1,6.56,6.82,55,22.0028,57,33.78722889
2,0,1,2,13.12,15.91,87,12.998,9,29.50737074
3,0,1,1,27.06,30.305,78,15.0013,406,92.26422954
3,0,0,1,31.16,36.365,66,0,149,172.7419721
3,0,1,1,25.42,29.545,73,15.0013,80,100.9904656
3,0,0,1,30.34,34.85,70,11.0014,337,155.9455615
4,0,0,2,13.12,16.665,57,7.0015,145,107.9077187
2,0,1,1,20.5,24.24,22,27.9993,536,272.7091248
3,0,1,1,26.24,31.06,50,12.998,635,200.943448
4,0,1,1,13.12,17.425,87,0,3,38.39714015
4,0,1,1,14.76,17.425,57,11.0014,202,94.94065644
1,0,1,1,15.58,19.695,50,8.9981,10,70.00099898
1,0,1,1,8.2,9.85,40,15.0013,155,56.42586565
4,0,1,1,12.3,16.665,81,0,92,43.30865155
4,0,1,2,22.14,25.76,88,30.0026,197,84.01798415
2,0,1,3,13.12,15.15,93,16.9979,148,27.81235036
1,0,1,1,9.84,12.12,41,11.0014,136,60.16406954
4,0,0,2,13.94,16.665,71,8.9981,182,75.25555028
2,0,0,2,14.76,17.425,87,8.9981,24,34.15112076
1,0,1,1,7.38,10.605,51,6.0032,41,40.4416571
2,0,0,1,20.5,24.24,48,0,104,118.705165
4,0,1,1,9.02,13.635,80,0,1,37.61967876
2,0,1,1,13.94,15.91,66,16.9979,4,48.28041888
3,0,1,3,27.88,31.82,79,0,150,107.9421287
1,0,1,2,10.66,12.88,50,15.0013,82,56.71095092
3,0,0,1,30.34,35.605,74,19.9995,68,156.2285935
1,0,1,3,13.94,15.91,71,16.9979,64,43.11441695
3,0,1,1,31.16,34.85,52,19.0012,812,246.978045
3,0,1,1,25.42,29.545,73,15.0013,5,100.9904656
4,0,1,1,13.94,16.665,76,12.998,99,55.28182728
1,0,1,1,9.84,9.85,48,36.9974,75,54.39078944
2,0,1,1,24.6,28.03,83,8.9981,232,55.49167093
2,0,0,2,29.52,34.09,62,8.9981,161,167.2620868
4,0,1,1,10.66,12.12,56,16.9979,7,76.68165703
3,0,1,1,30.34,33.335,51,19.9995,180,235.8619971
1,0,1,1,7.38,8.335,43,16.9979,2,48.73797602
4,0,1,3,18.04,21.97,100,15.0013,220,48.8235383
3,0,0,1,28.7,32.575,65,16.9979,318,165.5407112
4,0,1,1,18.86,22.725,63,7.0015,117,104.2704268
2,0,0,1,27.88,31.82,36,19.0012,686,289.7585953
4,0,1,1,22.14,25.76,68,7.0015,46,107.7436132
1,0,1,1,7.38,9.09,51,15.0013,25,40.16327482
1,0,1,1,14.76,17.425,40,15.0013,107,85.35735293
4,0,0,1,14.76,17.425,66,11.0014,210,81.72789846
2,0,0,1,9.84,12.12,75,8.9981,21,31.62211829
2,0,0,2,28.7,31.82,39,6.0032,285,270.0814816
3,0,1,1,27.88,31.82,39,15.0013,426,287.657728
4,0,1,1,16.4,20.455,82,8.9981,13,55.83973317
3,0,1,1,27.06,30.305,83,7.0015,141,75.63791692
2,0,0,2,25.42,31.06,35,15.0013,481,307.1621669
2,0,1,2,17.22,21.21,82,19.0012,103,47.24757956
4,0,1,1,18.86,22.725,63,0,195,98.65056579
4,0,1,1,25.42,31.06,43,19.0012,230,310.0170823
2,0,1,1,26.24,30.305,65,8.9981,282,102.1857615
2,0,1,1,10.66,13.635,60,8.9981,4,46.86256321
2,0,1,1,28.7,32.575,58,12.998,170,144.5747677
1,0,1,3,8.2,9.09,100,22.0028,4,14.09890678
1,0,0,1,13.12,14.395,31,35.0008,137,119.1769361
3,0,1,1,34.44,36.365,32,27.9993,128,498.6365977
3,0,1,1,34.44,37.12,36,19.0012,365,433.2368193
2,0,1,3,31.16,34.85,52,0,171,217.2757043
1,0,0,1,16.4,20.455,62,19.0012,201,62.71975928
4,0,1,1,27.06,30.305,78,11.0014,230,109.1225825
2,0,1,1,18.04,21.97,82,8.9981,120,40.75194636
3,0,1,1,27.88,31.82,62,11.0014,129,149.5007054
4,0,0,1,13.94,17.425,87,7.0015,45,44.70845103
2,0,1,1,26.24,31.06,38,30.0026,834,260.6203859
3,0,1,2,20.5,24.24,77,11.0014,8,73.32228125
2,0,1,1,26.24,29.545,78,7.0015,503,68.01858588
1,0,0,1,9.84,12.12,70,11.0014,10,30.13349777
2,0,1,1,19.68,23.485,72,12.998,318,59.97321759
1,0,1,1,11.48,15.15,81,6.0032,37,23.02139427
2,0,0,1,20.5,24.24,77,12.998,131,59.99162024
3,0,1,1,27.88,31.06,30,6.0032,255,328.6835921
3,0,1,1,28.7,32.575,58,6.0032,305,166.9865198
1,1,0,1,4.92,8.335,54,6.0032,6,32.40698432
2,0,1,2,26.24,31.06,57,16.9979,288,157.0401675
3,0,1,1,23.78,27.275,83,6.0032,362,63.44375861
3,0,1,1,30.34,34.85,66,6.0032,25,152.0815424
1,0,1,1,18.04,21.97,67,12.998,421,51.72153437
2,0,1,1,33.62,37.12,43,15.0013,90,283.6359182
4,0,0,1,20.5,24.24,42,15.0013,168,234.3366336
1,0,1,2,18.86,22.725,77,22.0028,10,49.35474063
1,0,0,1,9.84,10.605,38,19.9995,226,71.18343425
1,0,0,1,16.4,20.455,50,11.0014,52,81.47708436
3,0,1,1,32.8,37.88,55,7.0015,216,243.5128326
1,0,1,1,9.84,10.605,38,19.9995,60,64.80645164
4,0,1,2,13.94,15.15,49,26.0027,110,131.5284608
1,0,1,2,10.66,11.365,44,22.0028,361,65.21796673
2,0,1,1,22.14,25.76,28,39.0007,281,275.1170986
2,0,1,1,23.78,27.275,43,0,237,146.4003741
2,0,0,1,21.32,25,59,6.0032,15,96.38804583
4,0,0,1,24.6,31.06,40,19.9995,462,371.1842081
1,0,0,1,18.04,21.97,33,19.0012,154,149.5934813
3,0,1,1,27.88,31.82,79,7.0015,6,91.40546567
3,0,1,3,24.6,27.275,88,16.9979,36,75.66953294
1,0,1,1,10.66,12.88,65,12.998,116,33.28417636
1,0,1,2,7.38,9.09,93,12.998,79,14.16291372
4,0,1,1,10.66,13.635,56,7.0015,232,76.60560133
1,0,1,1,17.22,21.21,38,12.998,487,108.7511373
2,0,1,2,25.42,29.545,73,35.0008,713,108.2739572
4,0,1,1,23.78,27.275,49,19.0012,435,215.543773
1,0,1,2,10.66,13.635,60,8.9981,98,42.88829439
3,0,1,1,33.62,36.365,38,19.0012,191,393.5779817
4,0,0,1,19.68,23.485,88,0,142,57.43002678
2,0,1,2,25.42,31.06,57,15.0013,280,154.1276982
4,0,0,2,15.58,19.695,82,0,122,61.18361403
2,0,1,1,27.88,31.82,69,11.0014,13,101.3196707
3,0,1,1,28.7,33.335,74,15.0013,299,120.908663
2,0,0,1,33.62,35.605,30,0,502,363.8553461
1,0,1,2,17.22,21.21,77,12.998,272,42.25934552
2,0,1,1,18.86,22.725,41,19.0012,13,139.5954025
1,1,0,1,9.84,10.605,32,26.0027,16,78.80163273
3,0,1,3,26.24,28.03,94,19.0012,156,68.3417973
3,0,0,1,24.6,28.03,83,15.0013,27,78.02732786
1,0,1,2,13.12,17.425,57,0,262,53.13312307
2,0,1,3,21.32,25,72,19.9995,8,86.05165715
1,0,1,1,13.94,15.15,57,19.9995,120,49.6917271
1,0,1,1,18.04,21.97,77,7.0015,623,37.6236359
4,0,1,1,17.22,21.21,88,8.9981,502,49.49434651
1,0,1,1,7.38,10.605,47,7.0015,51,45.42562206
2,0,0,1,14.76,16.665,29,23.9994,36,159.1834596
2,0,1,1,18.86,22.725,36,19.9995,281,161.1028948
2,0,1,1,13.12,15.15,49,19.9995,46,75.11477518
3,0,1,2,30.34,33.335,45,0,305,264.6238555
4,0,0,1,17.22,21.21,71,12.998,109,88.91752473
3,0,0,1,33.62,38.635,52,23.9994,397,346.0611975
1,0,1,1,6.56,6.06,47,31.0009,60,43.32519847
4,0,0,2,11.48,15.15,87,6.0032,90,43.6870931
3,1,0,1,36.9,42.425,42,12.998,430,459.0385265
2,0,0,3,23.78,27.275,49,19.0012,351,198.2995125
1,0,1,3,13.12,15.15,66,22.0028,2,49.24226331
4,0,0,1,16.4,20.455,40,12.998,509,197.4159803
1,0,0,1,11.48,14.395,81,7.0015,5,24.51419275
2,0,1,3,26.24,30.305,73,12.998,239,106.0070247
